To,From,type
TCF3,NDUFB4,PPI
XRCC5,TFAP4,PPI
EXOSC8,TFAP4,PPI
SP1,TFAP4,PPI
CUL1,TFAP4,PPI
SMARCE1,TFAP4,PPI
HNRNPL,TFAP4,PPI
HMGB1,TFAP4,PPI
MDM2,TFAP4,PPI
BPTF,TFAP4,PPI
FBXW11,TFAP4,PPI
CTBP1,TFAP4,PPI
SKP1,TFAP4,PPI
SIN3A,TFAP4,PPI
HDAC1,TFAP4,PPI
HDAC3,TFAP4,PPI
RUNX2,TFAP4,PPI
TCF3,TFAP4,PPI
SMARCB1,TFAP4,PPI
HNRNPL,SNAP29,PPI
MYC,SNAP29,PPI
BNIP1,SNAP29,PPI
ATF4,SNAP29,PPI
IGF1R,SNAP29,PPI
RBBP5,RBX1,PPI
ERCC3,RBX1,PPI
SUMO2,RBX1,PPI
EP300,RBX1,PPI
RELA,RBX1,PPI
SKP2,RBX1,PPI
UBE2N,RBX1,PPI
FBXO11,RBX1,PPI
MNAT1,RBX1,PPI
UBE2L3,RBX1,PPI
SYVN1,RBX1,PPI
RUNX2,RBX1,PPI
AURKA,RBX1,PPI
CBFB,RBX1,PPI
CDK2,RBX1,PPI
PDCD6,RBX1,PPI
FBXW11,RBX1,PPI
MDM2,RBX1,PPI
MIB1,RBX1,PPI
YWHAZ,RBX1,PPI
CUL1,RBX1,PPI
PFDN5,RBX1,PPI
USP7,RBX1,PPI
SKP1,RBX1,PPI
NFKBIA,RBX1,PPI
RFC4,RBX1,PPI
CCNH,RBX1,PPI
HSPA8,RBX1,PPI
VHL,RBX1,PPI
ACTG1,RBX1,PPI
RICTOR,RBX1,PPI
PLK4,RBX1,PPI
PPP2CA,RBX1,PPI
MYC,RBX1,PPI
CREBBP,NFKBIA,PPI
TUBB,NFKBIA,PPI
HSPA8,NFKBIA,PPI
SKP1,NFKBIA,PPI
HNRNPU,NFKBIA,PPI
MYC,NFKBIA,PPI
ATF4,NFKBIA,PPI
HDAC3,NFKBIA,PPI
FBXW11,NFKBIA,PPI
PSMD13,NFKBIA,PPI
SUMO2,NFKBIA,PPI
AURKA,NFKBIA,PPI
CUL1,NFKBIA,PPI
SUZ12,NFKBIA,PPI
RELA,NFKBIA,PPI
UBE2L3,NFKBIA,PPI
YWHAZ,NFKBIA,PPI
HDAC1,NFKBIA,PPI
ACTG1,NFKBIA,PPI
MLST8,NFKBIA,PPI
EP300,NFKBIA,PPI
TUBB,AURKA,PPI
CDK2,AURKA,PPI
DHX9,AURKA,PPI
UBE2N,AURKA,PPI
PLK4,AURKA,PPI
CUL1,AURKA,PPI
MED26,AURKA,PPI
CENPA,AURKA,PPI
MED16,AURKA,PPI
AK6,AURKA,PPI
TCF3,AURKA,PPI
NFYB,AURKA,PPI
SETD1A,AURKA,PPI
VHL,AURKA,PPI
CCNB1,AURKA,PPI
SKP1,AURKA,PPI
MDM2,AURKA,PPI
ORC1,AURKA,PPI
CCNE2,AURKA,PPI
MYC,AURKA,PPI
YY1,AURKA,PPI
RPRD1B,AURKA,PPI
KIF18A,AURKA,PPI
RELA,AURKA,PPI
CHAF1A,PAF1,PPI
USP36,PAF1,PPI
MYC,PAF1,PPI
XRCC5,PAF1,PPI
CTR9,PAF1,PPI
UPF1,PAF1,PPI
CHD4,PAF1,PPI
ELL,PAF1,PPI
GTF2F2,PAF1,PPI
RTF1,PAF1,PPI
POU5F1B,PAF1,PPI
VHL,HNRNPL,PPI
HMGA1,HNRNPL,PPI
CTBP1,HNRNPL,PPI
ACTG1,HNRNPL,PPI
PCBP1,HNRNPL,PPI
HNRNPR,HNRNPL,PPI
GAPDH,HNRNPL,PPI
BDP1,HNRNPL,PPI
HDAC1,HNRNPL,PPI
MED23,HNRNPL,PPI
XRCC5,HNRNPL,PPI
BPTF,HNRNPL,PPI
HUWE1,HNRNPL,PPI
HNRNPU,HNRNPL,PPI
RBBP4,HNRNPL,PPI
GTF2F2,HNRNPL,PPI
HNRNPH1,HNRNPL,PPI
RBPJ,HNRNPL,PPI
GTF3C1,HNRNPL,PPI
TLE3,HNRNPL,PPI
TOP1,HNRNPL,PPI
DHX9,HNRNPL,PPI
CHD4,HNRNPL,PPI
TCF3,HNRNPL,PPI
EP300,HNRNPL,PPI
POU5F1B,HNRNPL,PPI
YBX1,HNRNPL,PPI
KANSL3,HNRNPL,PPI
FBXW11,HNRNPL,PPI
CREBBP,HNRNPL,PPI
RPTOR,HNRNPL,PPI
RPRD2,HNRNPL,PPI
MAF,HNRNPL,PPI
RNF4,HNRNPL,PPI
HNRNPC,HNRNPL,PPI
SMG7,HNRNPL,PPI
IGF1R,HNRNPL,PPI
ACTR10,HNRNPL,PPI
GRSF1,HNRNPL,PPI
SIN3A,HNRNPL,PPI
PTBP1,HNRNPL,PPI
HNRNPC,DHX33,PPI
DDX24,DHX33,PPI
HSPA8,DHX33,PPI
EIF4A1,DHX33,PPI
PTCD3,DHX33,PPI
HNRNPH1,DHX33,PPI
DDX20,DHX33,PPI
DDX3X,DHX33,PPI
EIF4E,DHX33,PPI
SUMO2,DHX33,PPI
MYC,DHX33,PPI
DDX52,DHX33,PPI
USP36,DHX33,PPI
CBX1,SLC25A3,PPI
SDHA,SLC25A3,PPI
HSP90B1,SLC25A3,PPI
CAD,SLC25A3,PPI
MYC,SLC25A3,PPI
RNF4,SLC25A3,PPI
SUMO2,SLC25A3,PPI
HUWE1,SLC25A3,PPI
GAPDH,SLC25A3,PPI
CHD4,SLC25A3,PPI
POU2F1,GAPDH,PPI
EP300,GAPDH,PPI
HNRNPR,GAPDH,PPI
PKM,GAPDH,PPI
CTBP1,GAPDH,PPI
NPAT,GAPDH,PPI
MIB1,GAPDH,PPI
ACTG1,GAPDH,PPI
HUWE1,GAPDH,PPI
NME2,GAPDH,PPI
HMGB1,GAPDH,PPI
YBX1,GAPDH,PPI
RNF4,GAPDH,PPI
HNRNPU,GAPDH,PPI
MDM2,GAPDH,PPI
TINF2,GAPDH,PPI
CREBBP,GAPDH,PPI
DHX9,GAPDH,PPI
TUBB,GAPDH,PPI
RBPJ,GAPDH,PPI
YWHAZ,GAPDH,PPI
KPNA2,GAPDH,PPI
HSPA8,GAPDH,PPI
SUMO2,GAPDH,PPI
ACTR10,GAPDH,PPI
PPP2CA,GAPDH,PPI
CCNB1,GAPDH,PPI
ENO1,GAPDH,PPI
PSMD4,GAPDH,PPI
CHD4,GAPDH,PPI
PRMT5,GAPDH,PPI
RELA,SKP1,PPI
SKP2,SKP1,PPI
PCBP1,SKP1,PPI
HSPA8,SKP1,PPI
UBE2L3,SKP1,PPI
ORC1,SKP1,PPI
CDK4,SKP1,PPI
FBXO11,SKP1,PPI
UBE2N,SKP1,PPI
TCF3,SKP1,PPI
USP37,SKP1,PPI
TAF5,SKP1,PPI
CCNB1,SKP1,PPI
HSP90B1,SKP1,PPI
YWHAZ,SKP1,PPI
PLK4,SKP1,PPI
RUNX2,SKP1,PPI
EIF3F,SKP1,PPI
YBX1,SKP1,PPI
XRCC5,SKP1,PPI
CCNE2,SKP1,PPI
MNAT1,SKP1,PPI
MCM3,SKP1,PPI
PPP2CA,SKP1,PPI
CDK2,SKP1,PPI
FBXW11,SKP1,PPI
CDK6,SKP1,PPI
PRDM1,SKP1,PPI
CUL1,SKP1,PPI
MYC,SKP1,PPI
EP300,SKP1,PPI
CCNH,SKP1,PPI
MYC,BNIP1,PPI
RNF4,BNIP1,PPI
BCL2,BNIP1,PPI
YWHAZ,ENO1,PPI
DDX20,ENO1,PPI
TCF3,ENO1,PPI
DDX3X,ENO1,PPI
EIF4A1,ENO1,PPI
HSPA8,ENO1,PPI
RNF4,ENO1,PPI
SUMO2,ENO1,PPI
HYOU1,ENO1,PPI
HUWE1,ENO1,PPI
CHD4,ENO1,PPI
NME2,ENO1,PPI
MLST8,ENO1,PPI
DDX24,ENO1,PPI
HDAC1,ENO1,PPI
CHD4,WDR77,PPI
TAF10,WDR77,PPI
CDK4,WDR77,PPI
TAF6L,WDR77,PPI
BPTF,WDR77,PPI
HNRNPR,WDR77,PPI
TAF8,WDR77,PPI
AK6,WDR77,PPI
HDAC1,WDR77,PPI
CDK2,WDR77,PPI
RIOK1,WDR77,PPI
SMARCE1,WDR77,PPI
TBP,WDR77,PPI
CREBBP,WDR77,PPI
TADA2B,WDR77,PPI
SUZ12,WDR77,PPI
HDAC3,WDR77,PPI
TAF13,WDR77,PPI
YEATS4,WDR77,PPI
YWHAZ,WDR77,PPI
SMARCB1,WDR77,PPI
DHX9,WDR77,PPI
BRD2,WDR77,PPI
PRDM10,WDR77,PPI
EP300,WDR77,PPI
CTR9,WDR77,PPI
PRDM1,WDR77,PPI
CCNB1,WDR77,PPI
RBBP4,WDR77,PPI
BRD4,WDR77,PPI
SMARCD1,WDR77,PPI
HNRNPH1,WDR77,PPI
TAF12,WDR77,PPI
MEN1,WDR77,PPI
CDK6,WDR77,PPI
MTA2,WDR77,PPI
CCNE2,WDR77,PPI
PRMT5,WDR77,PPI
RBBP4,RPN2,PPI
PSMD4,RPN2,PPI
POU5F1B,RPN2,PPI
RNF4,RPN2,PPI
TCF3,RPN2,PPI
HSP90B1,RPN2,PPI
CBX1,NFYB,PPI
MAX,NFYB,PPI
EIF4A1,NFYB,PPI
SP1,NFYB,PPI
EP300,NFYB,PPI
TAF12,NFYB,PPI
BRD4,NFYB,PPI
CREBBP,NFYB,PPI
SMARCA5,NFYB,PPI
TSPYL5,NFYB,PPI
RBBP4,NFYB,PPI
CHD4,NFYB,PPI
BPTF,NFYB,PPI
ACTG1,NFYB,PPI
EP400,NFYB,PPI
BRD2,NFYB,PPI
HIRA,NFYB,PPI
MYC,NFYB,PPI
KDM5C,NFYB,PPI
ORC1,NFYB,PPI
KAT5,NFYB,PPI
TBP,NFYB,PPI
SON,NFYB,PPI
HDAC1,NFYB,PPI
CCNB1,NFYB,PPI
NFYC,NFYB,PPI
CDK2,NFYB,PPI
SETD1A,NFYB,PPI
ACTR10,NFYB,PPI
CBX1,BATF3,PPI
IRF4,BATF3,PPI
ATF4,BATF3,PPI
HDAC1,BATF3,PPI
HDAC3,BATF3,PPI
TAF8,YEATS4,PPI
TBP,YEATS4,PPI
GABPA,YEATS4,PPI
EP400,YEATS4,PPI
GTF2F2,YEATS4,PPI
EP300,YEATS4,PPI
TAF12,YEATS4,PPI
ACTG1,YEATS4,PPI
TAF6L,YEATS4,PPI
ACTR10,YEATS4,PPI
TADA2B,YEATS4,PPI
BRD2,YEATS4,PPI
MED26,YEATS4,PPI
KAT5,YEATS4,PPI
BRD4,YEATS4,PPI
CREBBP,YEATS4,PPI
BPTF,YEATS4,PPI
GTF2A1,YEATS4,PPI
SMARCB1,YEATS4,PPI
TAF10,YEATS4,PPI
GTF2E1,YEATS4,PPI
GTF2E2,YEATS4,PPI
TAF5,YEATS4,PPI
ERCC3,YEATS4,PPI
MAX,YEATS4,PPI
MYC,YEATS4,PPI
KANSL3,YEATS4,PPI
DMAP1,YEATS4,PPI
TAF13,YEATS4,PPI
AK6,YEATS4,PPI
PDS5A,NCAPG,PPI
NCAPD2,NCAPG,PPI
RBPJ,NCAPG,PPI
CCNB1,NCAPG,PPI
TCF3,NCAPG,PPI
EIF3F,EIF3G,PPI
DDX24,EIF3G,PPI
EIF4E,EIF3G,PPI
SUMO2,EIF3G,PPI
CHAF1A,EIF3G,PPI
DDX20,EIF3G,PPI
EIF4A1,EIF3G,PPI
TCF3,EIF3G,PPI
DDX3X,EIF3G,PPI
SUMO2,ACTR10,PPI
TUBB,ACTR10,PPI
BRD4,ACTR10,PPI
MYC,ACTR10,PPI
HSPA8,ACTR10,PPI
BPTF,ACTR10,PPI
SMARCB1,ACTR10,PPI
SMARCD1,ACTR10,PPI
BRD2,ACTR10,PPI
DMAP1,ACTR10,PPI
SMARCA5,ACTR10,PPI
EP300,ACTR10,PPI
KIF18A,ACTR10,PPI
KAT5,ACTR10,PPI
EP400,ACTR10,PPI
CREBBP,ACTR10,PPI
CHD4,ACTR10,PPI
ACTG1,ACTR10,PPI
GRSF1,PTCD3,PPI
MRPL49,PTCD3,PPI
ATF4,PTCD3,PPI
YBX1,PTCD3,PPI
TFAM,PTCD3,PPI
DDX3X,GRSF1,PPI
DHX9,GRSF1,PPI
SDHA,GRSF1,PPI
DDX24,GRSF1,PPI
TFAM,GRSF1,PPI
HNRNPR,GRSF1,PPI
MYC,GRSF1,PPI
UPF1,GRSF1,PPI
MYC,CCNB1,PPI
RUNX2,CCNB1,PPI
DDX3X,CCNB1,PPI
SP1,CCNB1,PPI
UBE2N,CCNB1,PPI
CCNE2,CCNB1,PPI
EP300,CCNB1,PPI
HDAC1,CCNB1,PPI
KAT5,CCNB1,PPI
YWHAZ,CCNB1,PPI
CDK4,CCNB1,PPI
CCNH,CCNB1,PPI
CUL1,CCNB1,PPI
RELA,CCNB1,PPI
BPTF,CCNB1,PPI
KPNA2,CCNB1,PPI
CDC42,CCNB1,PPI
HSP90B1,CCNB1,PPI
SIN3A,CCNB1,PPI
CDK2,CCNB1,PPI
CDK6,CCNB1,PPI
ORC1,CCNB1,PPI
PLK4,CCNB1,PPI
MNAT1,CCNB1,PPI
KIF18A,CCNB1,PPI
SKP2,CCNB1,PPI
RPTOR,CCNB1,PPI
USP37,CCNB1,PPI
TAF5,CCNB1,PPI
CBX1,VHL,PPI
HUWE1,VHL,PPI
SKP2,VHL,PPI
KAT5,VHL,PPI
NME2,VHL,PPI
HSPA8,VHL,PPI
CREBBP,VHL,PPI
BRD4,VHL,PPI
HDAC3,VHL,PPI
SON,VHL,PPI
PPP2CA,VHL,PPI
SLC2A1,VHL,PPI
SP1,VHL,PPI
E2F1,VHL,PPI
EXOSC8,VHL,PPI
CAD,VHL,PPI
HDAC1,VHL,PPI
CUL1,VHL,PPI
HNRNPH1,VHL,PPI
EP300,VHL,PPI
SYVN1,VHL,PPI
EEF1B2,VHL,PPI
MYC,VHL,PPI
TAF5,CCNH,PPI
GTF2E1,CCNH,PPI
GTF2E2,CCNH,PPI
GTF2F2,CCNH,PPI
EP300,CCNH,PPI
ERCC3,CCNH,PPI
USP7,CCNH,PPI
TAF12,CCNH,PPI
TBP,CCNH,PPI
GTF2A1,CCNH,PPI
TAF10,CCNH,PPI
MNAT1,CCNH,PPI
CCNE2,CCNH,PPI
CDK2,CCNH,PPI
MYC,CCNH,PPI
ELL,CCNH,PPI
PTBP1,CCNH,PPI
CDK6,CCNH,PPI
TAF13,CCNH,PPI
CDK4,CCNH,PPI
RTF1,CDK4,PPI
HDAC1,CDK4,PPI
SKP2,CDK4,PPI
PRMT5,CDK4,PPI
SP1,CDK4,PPI
PLK4,CDK4,PPI
HSPA8,CDK4,PPI
CCNE2,CDK4,PPI
MNAT1,CDK4,PPI
KIF18A,CDK4,PPI
TAF5,CDK4,PPI
RELA,CDK4,PPI
ORC1,CDK4,PPI
BDP1,CDK4,PPI
KPNA2,CDK4,PPI
CDK6,CDK4,PPI
CDK2,CDK4,PPI
MYC,CDK4,PPI
E2F1,CDK4,PPI
HSP90B1,CDK4,PPI
SP1,MDM2,PPI
SMG7,MDM2,PPI
PKM,MDM2,PPI
UBE2L3,MDM2,PPI
FBXW11,MDM2,PPI
ATF4,MDM2,PPI
PPP1R10,MDM2,PPI
CTBP1,MDM2,PPI
TUBB,MDM2,PPI
HSPA8,MDM2,PPI
CREBBP,MDM2,PPI
HNRNPU,MDM2,PPI
YY1,MDM2,PPI
PSMD4,MDM2,PPI
HSP90B1,MDM2,PPI
GTF2E2,MDM2,PPI
DDX24,MDM2,PPI
TOP1,MDM2,PPI
BRD4,MDM2,PPI
PDS5A,MDM2,PPI
TBP,MDM2,PPI
HNRNPC,MDM2,PPI
MED1,MDM2,PPI
IGF1R,MDM2,PPI
HDAC1,MDM2,PPI
RELA,MDM2,PPI
SUZ12,MDM2,PPI
CUL1,MDM2,PPI
NME2,MDM2,PPI
E2F1,MDM2,PPI
SKP2,MDM2,PPI
PPP2CA,MDM2,PPI
DHX9,MDM2,PPI
RPL36A,MDM2,PPI
MYC,MDM2,PPI
UBE2N,MDM2,PPI
HDAC3,MDM2,PPI
YWHAZ,MDM2,PPI
CDK2,MDM2,PPI
PTBP1,MDM2,PPI
HUWE1,MDM2,PPI
XRCC5,MDM2,PPI
EP300,MDM2,PPI
USP7,MDM2,PPI
KAT5,MDM2,PPI
MYC,USP37,PPI
CUL1,USP37,PPI
HNRNPC,USP37,PPI
MAX,USP37,PPI
FBXW11,USP37,PPI
RBBP5,USP37,PPI
USP7,USP37,PPI
CDK2,USP37,PPI
GTF2F2,MNAT1,PPI
USP7,MNAT1,PPI
EP300,MNAT1,PPI
TAF13,MNAT1,PPI
ELL,MNAT1,PPI
ACTG1,MNAT1,PPI
CCNE2,MNAT1,PPI
MED26,MNAT1,PPI
DMAP1,MNAT1,PPI
CDK6,MNAT1,PPI
TAF5,MNAT1,PPI
POU2F1,MNAT1,PPI
TBP,MNAT1,PPI
CDK2,MNAT1,PPI
GTF2E2,MNAT1,PPI
ERCC3,MNAT1,PPI
TAF10,MNAT1,PPI
TAF12,MNAT1,PPI
HDAC1,MNAT1,PPI
GTF2E1,MNAT1,PPI
GTF2A1,MNAT1,PPI
PSMD13,MIB1,PPI
USP7,MIB1,PPI
UBE2N,MIB1,PPI
MEF2C,MIB1,PPI
PPP2CA,MIB1,PPI
RBBP4,MIB1,PPI
HNRNPH1,MIB1,PPI
TAF8,MIB1,PPI
MCM3,MIB1,PPI
TSPYL5,MIB1,PPI
MLST8,MIB1,PPI
CUL1,MIB1,PPI
SMG7,MIB1,PPI
HYOU1,MIB1,PPI
PSMD4,MIB1,PPI
TUBB,MIB1,PPI
HNRNPU,MIB1,PPI
MAF,MIB1,PPI
HSPA8,MIB1,PPI
EIF3F,MIB1,PPI
YWHAZ,MIB1,PPI
PLK4,MIB1,PPI
SIN3A,MIB1,PPI
HSP90B1,MIB1,PPI
PRMT5,SMAD7,PPI
HDAC3,SMAD7,PPI
EP300,SMAD7,PPI
YY1,SMAD7,PPI
RUNX2,SMAD7,PPI
HDAC1,SMAD7,PPI
SKP2,SMAD7,PPI
HUWE1,SMAD7,PPI
MYC,SMAD7,PPI
TADA2B,YY1,PPI
RBBP5,YY1,PPI
SIN3A,YY1,PPI
BRD2,YY1,PPI
RPTOR,YY1,PPI
MYC,YY1,PPI
BRD4,YY1,PPI
MLST8,YY1,PPI
EP300,YY1,PPI
DMAP1,YY1,PPI
GABPA,YY1,PPI
DDX3X,YY1,PPI
RNF4,YY1,PPI
KAT5,YY1,PPI
HMGB1,YY1,PPI
TFDP1,YY1,PPI
SUZ12,YY1,PPI
SKP2,YY1,PPI
CTBP1,YY1,PPI
XRCC5,YY1,PPI
RBPJ,YY1,PPI
HNRNPU,YY1,PPI
MTA2,YY1,PPI
RELA,YY1,PPI
MAX,YY1,PPI
TCF3,YY1,PPI
EP400,YY1,PPI
E2F1,YY1,PPI
HDAC3,YY1,PPI
RBBP4,YY1,PPI
HDAC1,YY1,PPI
POU5F1B,YY1,PPI
CREBBP,YY1,PPI
SP1,YY1,PPI
RELA,CREBBP,PPI
MAX,CREBBP,PPI
EP400,CREBBP,PPI
MED26,CREBBP,PPI
TAF10,CREBBP,PPI
HMGB1,CREBBP,PPI
TADA2B,CREBBP,PPI
MED1,CREBBP,PPI
TBP,CREBBP,PPI
TCF3,CREBBP,PPI
CBFB,CREBBP,PPI
HSPA8,CREBBP,PPI
TAF6L,CREBBP,PPI
ACTG1,CREBBP,PPI
EBF1,CREBBP,PPI
RBBP4,CREBBP,PPI
NFYC,CREBBP,PPI
BRD4,CREBBP,PPI
SP1,CREBBP,PPI
HUWE1,CREBBP,PPI
NPAT,CREBBP,PPI
SETD1A,CREBBP,PPI
RBPJ,CREBBP,PPI
CENPA,CREBBP,PPI
HDAC3,CREBBP,PPI
MED16,CREBBP,PPI
MED23,CREBBP,PPI
SMARCE1,CREBBP,PPI
TAF8,CREBBP,PPI
MYC,CREBBP,PPI
EP300,CREBBP,PPI
TAF12,CREBBP,PPI
DDX3X,CREBBP,PPI
USP7,CREBBP,PPI
KPNA2,CREBBP,PPI
CHD4,CREBBP,PPI
SIN3A,CREBBP,PPI
DHX9,CREBBP,PPI
CARM1,CREBBP,PPI
SMARCA5,CREBBP,PPI
GTF2E1,CREBBP,PPI
HMGA1,CREBBP,PPI
CTBP1,CREBBP,PPI
KDM5C,CREBBP,PPI
RBBP5,CREBBP,PPI
HDAC1,CREBBP,PPI
MAF,CREBBP,PPI
GTF3A,CREBBP,PPI
HNRNPU,CREBBP,PPI
KAT5,CREBBP,PPI
PRMT5,CREBBP,PPI
GABPA,CREBBP,PPI
CDK2,CREBBP,PPI
POU5F1B,CREBBP,PPI
RUNX2,CREBBP,PPI
SMARCB1,CREBBP,PPI
GTF2A1,CREBBP,PPI
SMARCD1,CREBBP,PPI
CHAF1A,CREBBP,PPI
TAF5,CREBBP,PPI
AK6,CREBBP,PPI
E2F1,CREBBP,PPI
TFDP1,CREBBP,PPI
IRF4,CREBBP,PPI
ATF4,CREBBP,PPI
TLE3,CREBBP,PPI
MEF2C,CREBBP,PPI
SKP2,CREBBP,PPI
SMG7,CREBBP,PPI
ZBTB17,CREBBP,PPI
HDAC1,SETD1A,PPI
E2F1,SETD1A,PPI
CBFB,SETD1A,PPI
EP300,SETD1A,PPI
CHD4,SETD1A,PPI
KDM5C,SETD1A,PPI
HDAC3,SETD1A,PPI
SMARCA5,SETD1A,PPI
SUZ12,SETD1A,PPI
CENPA,SETD1A,PPI
RBBP4,SETD1A,PPI
RTF1,SETD1A,PPI
CBX1,SETD1A,PPI
CTR9,SETD1A,PPI
MYC,SETD1A,PPI
CUL1,SETD1A,PPI
RPTOR,SETD1A,PPI
BPTF,SETD1A,PPI
MEN1,SETD1A,PPI
SIN3A,SETD1A,PPI
RBBP5,SETD1A,PPI
MED26,ELL,PPI
RPRD2,ELL,PPI
RPRD1B,ELL,PPI
ERCC3,ELL,PPI
EP300,ELL,PPI
CTR9,ELL,PPI
GTF2F2,ELL,PPI
HDAC1,ELL,PPI
MYC,ELL,PPI
RBPJ,ELL,PPI
HNRNPH1,ELL,PPI
RTF1,ELL,PPI
NCAPD2,TCF3,PPI
CBFB,TCF3,PPI
SUMO2,TCF3,PPI
MRPL49,TCF3,PPI
SON,TCF3,PPI
EIF5A,TCF3,PPI
CCNE2,TCF3,PPI
BRD4,TCF3,PPI
CHD4,TCF3,PPI
EP300,TCF3,PPI
MEF2C,TCF3,PPI
SKP2,TCF3,PPI
KIF18A,TCF3,PPI
RPL36A,TCF3,PPI
TFDP1,TCF3,PPI
PSMD4,TCF3,PPI
DDX20,TCF3,PPI
HNRNPR,TCF3,PPI
EIF4A1,TCF3,PPI
MEN1,TCF3,PPI
SP1,TCF3,PPI
EEF1B2,TCF3,PPI
PSMD13,TCF3,PPI
RBBP4,TCF3,PPI
PDCD6,TCF3,PPI
PDS5A,TCF3,PPI
PRMT5,TCF3,PPI
EBF1,TCF3,PPI
UBE2N,TCF3,PPI
PCBP1,TCF3,PPI
SMARCD1,SMARCB1,PPI
HSP90B1,SMARCB1,PPI
RELA,SMARCB1,PPI
HIRA,SMARCB1,PPI
TFAM,SMARCB1,PPI
GTF2E1,SMARCB1,PPI
BRD2,SMARCB1,PPI
CAD,SMARCB1,PPI
RBPJ,SMARCB1,PPI
POU5F1B,SMARCB1,PPI
CARM1,SMARCB1,PPI
HUWE1,SMARCB1,PPI
CBFB,SMARCB1,PPI
SMARCE1,SMARCB1,PPI
SIN3A,SMARCB1,PPI
PDCD6,SMARCB1,PPI
IRF4,SMARCB1,PPI
POGZ,SMARCB1,PPI
GTF2A1,SMARCB1,PPI
GTF3A,SMARCB1,PPI
MYC,SMARCB1,PPI
DNM2,SMARCB1,PPI
SMARCA5,SMARCB1,PPI
HMGB1,SMARCB1,PPI
BPTF,SMARCB1,PPI
BRD4,SMARCB1,PPI
HDAC1,SMARCB1,PPI
PRMT5,SMARCB1,PPI
CHD4,SMARCB1,PPI
EP400,SMARCB1,PPI
EP300,SMARCB1,PPI
YWHAZ,SMARCB1,PPI
RBBP4,SMARCB1,PPI
HYOU1,SMARCB1,PPI
CCNE2,SMARCB1,PPI
ACTG1,SMARCB1,PPI
CDK2,KIF18A,PPI
CDK6,KIF18A,PPI
TUBB,KIF18A,PPI
RBPJ,HIRA,PPI
E2F1,HIRA,PPI
CAD,HIRA,PPI
MAX,HIRA,PPI
RBBP4,HIRA,PPI
POU5F1B,HIRA,PPI
GTF3C1,HIRA,PPI
HDAC3,HIRA,PPI
MYC,HIRA,PPI
CENPA,HIRA,PPI
HDAC1,HIRA,PPI
HSPA8,HIRA,PPI
HMGA1,HIRA,PPI
BDP1,HIRA,PPI
UPF1,HIRA,PPI
EP300,HIRA,PPI
KDM5C,HIRA,PPI
SUZ12,HIRA,PPI
NFYC,EP300,PPI
RTF1,EP300,PPI
YBX1,EP300,PPI
USP7,EP300,PPI
MED16,EP300,PPI
SMARCD1,EP300,PPI
MED1,EP300,PPI
TAF10,EP300,PPI
XRCC5,EP300,PPI
TAF6L,EP300,PPI
TADA2B,EP300,PPI
RUNX2,EP300,PPI
MED26,EP300,PPI
IRF4,EP300,PPI
PRMT5,EP300,PPI
TAF5,EP300,PPI
KPNA2,EP300,PPI
DHX9,EP300,PPI
BRD4,EP300,PPI
TFDP1,EP300,PPI
POU5F1B,EP300,PPI
DDX24,EP300,PPI
GTF3C1,EP300,PPI
SIN3A,EP300,PPI
NIPBL,EP300,PPI
RBBP5,EP300,PPI
BRD2,EP300,PPI
CDK2,EP300,PPI
HSPA8,EP300,PPI
ACTG1,EP300,PPI
SKP2,EP300,PPI
HMGB1,EP300,PPI
HDAC3,EP300,PPI
ATF4,EP300,PPI
ERCC3,EP300,PPI
HNRNPU,EP300,PPI
KDM5C,EP300,PPI
SP1,EP300,PPI
RBBP4,EP300,PPI
CAD,EP300,PPI
TLE3,EP300,PPI
PPP2CA,EP300,PPI
EP400,EP300,PPI
MAF,EP300,PPI
E2F1,EP300,PPI
DDX3X,EP300,PPI
CENPA,EP300,PPI
POU2F1,EP300,PPI
RELA,EP300,PPI
MED23,EP300,PPI
TBP,EP300,PPI
KAT5,EP300,PPI
EIF4E,EP300,PPI
RBPJ,EP300,PPI
GABPA,EP300,PPI
SMARCA5,EP300,PPI
CBX1,EP300,PPI
HDAC1,EP300,PPI
MYC,EP300,PPI
TAF12,EP300,PPI
CARM1,EP300,PPI
CBFB,EP300,PPI
YWHAZ,EP300,PPI
GTF2A1,EP300,PPI
CHD4,EP300,PPI
RPTOR,EP300,PPI
MAX,EP300,PPI
ZBTB17,EP300,PPI
MCM3,EP300,PPI
MEF2C,EP300,PPI
CTBP1,EP300,PPI
SUMO2,EP300,PPI
TAF8,EP300,PPI
AK6,EP300,PPI
PKM,EP300,PPI
RNF4,BRD4,PPI
KAT5,BRD4,PPI
BCL2,BRD4,PPI
SMARCD1,BRD4,PPI
DMAP1,BRD4,PPI
MYC,BRD4,PPI
HDAC3,BRD4,PPI
BDP1,BRD4,PPI
TAF12,BRD4,PPI
POLR3E,BRD4,PPI
RBPJ,BRD4,PPI
TAF10,BRD4,PPI
RBBP4,BRD4,PPI
NIPBL,BRD4,PPI
SMARCA5,BRD4,PPI
ACTG1,BRD4,PPI
TAF6L,BRD4,PPI
CHD4,BRD4,PPI
TADA2B,BRD4,PPI
E2F1,BRD4,PPI
EP400,BRD4,PPI
RELA,BRD4,PPI
USP7,BRD4,PPI
MED1,BRD4,PPI
SIN3A,BRD4,PPI
RTF1,BRD4,PPI
PTBP1,BRD4,PPI
TOP1,BRD4,PPI
TAF8,BRD4,PPI
RFC4,BRD4,PPI
YWHAZ,BRD4,PPI
HDAC1,BRD4,PPI
TAF5,BRD4,PPI
SP1,BRD4,PPI
AK6,BRD4,PPI
NFYC,BRD4,PPI
POU5F1B,BRD4,PPI
BRD2,BRD4,PPI
TBP,BRD4,PPI
CENPA,BRD4,PPI
HNRNPH1,BRD4,PPI
CUL1,BRD4,PPI
TBP,MED26,PPI
TAF5,MED26,PPI
ERCC3,MED26,PPI
TAF13,MED26,PPI
EIF4A1,MED26,PPI
SMARCA5,MED26,PPI
GTF2E1,MED26,PPI
GTF2E2,MED26,PPI
MED1,MED26,PPI
MYC,MED26,PPI
BDP1,MED26,PPI
POLR3E,MED26,PPI
TAF10,MED26,PPI
CHD4,MED26,PPI
GTF2F2,MED26,PPI
POLR3F,MED26,PPI
EP400,MED26,PPI
USP7,MED26,PPI
TAF8,MED26,PPI
MED23,MED26,PPI
MED16,MED26,PPI
KANSL3,MED26,PPI
AK6,MED26,PPI
GTF2A1,MED26,PPI
POLR3C,MED26,PPI
ERCC3,TAF12,PPI
TADA2B,TAF12,PPI
MAX,TAF12,PPI
GTF2A1,TAF12,PPI
SUMO2,TAF12,PPI
BPTF,TAF12,PPI
MYC,TAF12,PPI
GTF2E2,TAF12,PPI
KPNA2,TAF12,PPI
NFYC,TAF12,PPI
GTF2E1,TAF12,PPI
TAF6L,TAF12,PPI
RBPJ,TAF12,PPI
AK6,TAF12,PPI
BRD2,TAF12,PPI
TBP,TAF12,PPI
TAF5,TAF12,PPI
TAF13,TAF12,PPI
TAF8,TAF12,PPI
GTF2F2,TAF12,PPI
TAF10,TAF12,PPI
SMARCD1,RBBP5,PPI
KDM5C,RBBP5,PPI
MYC,RBBP5,PPI
MEN1,RBBP5,PPI
CTR9,RBBP5,PPI
PRMT5,RBBP5,PPI
MAX,RBBP5,PPI
BPTF,RBBP5,PPI
CBFB,RBBP5,PPI
CHD4,RBBP5,PPI
POU5F1B,RBBP5,PPI
SMARCA5,RBBP5,PPI
SMARCE1,RBBP5,PPI
EP400,RBBP5,PPI
AK6,RBBP5,PPI
ACTG1,CAD,PPI
SUMO2,CAD,PPI
CHAF1A,CAD,PPI
DDX3X,CAD,PPI
MYC,CAD,PPI
PSMD4,CAD,PPI
MAX,CAD,PPI
VPS35,CAD,PPI
USP7,CAD,PPI
HSPA8,CAD,PPI
RBPJ,SDHA,PPI
HSPA8,SDHA,PPI
HYOU1,SDHA,PPI
MYC,SDHA,PPI
SMARCD1,PDCD6,PPI
SMARCE1,PDCD6,PPI
HNRNPU,PDCD6,PPI
RTF1,PDCD6,PPI
PCBP1,PDCD6,PPI
HNRNPH1,PDCD6,PPI
DDX20,XRN1,PPI
HNRNPC,XRN1,PPI
RPL36A,XRN1,PPI
DDX24,XRN1,PPI
MYC,XRN1,PPI
PDS5A,XRN1,PPI
EIF4A1,XRN1,PPI
EXOSC8,XRN1,PPI
EIF4E,XRN1,PPI
SMG7,XRN1,PPI
DDX52,XRN1,PPI
RPRD1B,XRN1,PPI
PPP2CA,XRN1,PPI
UPF1,XRN1,PPI
RIOK1,XRN1,PPI
RPRD2,XRN1,PPI
DDX3X,XRN1,PPI
CHD4,XRN1,PPI
CTBP1,FBXW11,PPI
YWHAZ,FBXW11,PPI
RELA,FBXW11,PPI
SKP2,FBXW11,PPI
HNRNPU,FBXW11,PPI
SUZ12,FBXW11,PPI
CUL1,FBXW11,PPI
PRDM1,FBXW11,PPI
PLK4,FBXW11,PPI
MAX,FBXW11,PPI
ATF4,FBXW11,PPI
MRPL49,FBXW11,PPI
NMD3,LSG1,PPI
MYC,LSG1,PPI
DDX3X,LSG1,PPI
DDX20,LSG1,PPI
PES1,LSG1,PPI
RPL36A,LSG1,PPI
EIF4A1,LSG1,PPI
RNF4,LSG1,PPI
SUMO2,LSG1,PPI
DDX24,LSG1,PPI
UBE2N,CDK6,PPI
ORC1,CDK6,PPI
HSPA8,CDK6,PPI
PRMT5,CDK6,PPI
TFDP1,CDK6,PPI
POGZ,CDK6,PPI
MYC,CDK6,PPI
E2F1,CDK6,PPI
PPP2CA,CDK6,PPI
CDK2,CDK6,PPI
CBFB,CDK6,PPI
TAF5,CDK6,PPI
HSP90B1,CDK6,PPI
RTF1,CDK6,PPI
PLK4,CDK6,PPI
RUNX2,CDK6,PPI
HDAC1,CDK6,PPI
KPNA2,CDK6,PPI
CCNE2,CDK6,PPI
SP1,CDK2,PPI
BCL2,CDK2,PPI
TFDP1,CDK2,PPI
E2F1,CDK2,PPI
KPNA2,CDK2,PPI
MCM3,CDK2,PPI
PLK4,CDK2,PPI
NFYC,CDK2,PPI
CCNE2,CDK2,PPI
ACTG1,CDK2,PPI
TAF5,CDK2,PPI
BRD2,CDK2,PPI
CHAF1A,CDK2,PPI
PRMT5,CDK2,PPI
CUL1,CDK2,PPI
PDS5A,CDK2,PPI
KAT5,CDK2,PPI
SKP2,CDK2,PPI
ORC1,CDK2,PPI
XRCC5,CDK2,PPI
MYC,CDK2,PPI
HSP90B1,CDK2,PPI
PPP2CA,CDK2,PPI
RTF1,CDK2,PPI
NPAT,CDK2,PPI
MYC,TINF2,PPI
PKM,TINF2,PPI
RFC4,TINF2,PPI
TOP1,TINF2,PPI
TEN1,TINF2,PPI
XRCC5,TINF2,PPI
TUBB,TINF2,PPI
HDAC3,IGF1R,PPI
RNF4,IGF1R,PPI
RELA,IGF1R,PPI
XRCC5,IGF1R,PPI
HSPA8,IGF1R,PPI
MYC,IGF1R,PPI
HSP90B1,IGF1R,PPI
CDC42,IGF1R,PPI
SLC2A1,IGF1R,PPI
SYVN1,IGF1R,PPI
YWHAZ,IGF1R,PPI
MYC,PLK4,PPI
CUL1,PLK4,PPI
HSP90B1,PLK4,PPI
MEF2C,PLK4,PPI
PPP2CA,PLK4,PPI
HSPA8,PLK4,PPI
SKP2,PLK4,PPI
NFYC,POGZ,PPI
KAT5,POGZ,PPI
HDAC1,POGZ,PPI
POU2F1,POGZ,PPI
RBPJ,POGZ,PPI
HDAC3,POGZ,PPI
SP1,POGZ,PPI
RNF4,POGZ,PPI
CBX1,POGZ,PPI
SUMO2,POGZ,PPI
E2F1,SKP2,PPI
HSPA8,SKP2,PPI
MEF2C,SKP2,PPI
RUNX2,SKP2,PPI
PFDN5,SKP2,PPI
ORC1,SKP2,PPI
RELA,SKP2,PPI
EIF4A1,SKP2,PPI
CCNE2,SKP2,PPI
UBE2L3,SKP2,PPI
SP1,SKP2,PPI
MYC,SKP2,PPI
CUL1,SKP2,PPI
POU2F1,NPAT,PPI
MCM3,NPAT,PPI
PRDM1,MTA2,PPI
SUMO2,MTA2,PPI
POU5F1B,MTA2,PPI
SIN3A,MTA2,PPI
PRMT5,MTA2,PPI
RBBP4,MTA2,PPI
HNRNPR,MTA2,PPI
KPNA2,MTA2,PPI
GTF2E2,MTA2,PPI
HDAC1,MTA2,PPI
HDAC3,MTA2,PPI
CTBP1,MTA2,PPI
CHD4,MTA2,PPI
MIS12,MRPL49,PPI
TFAM,MRPL49,PPI
YBX1,MRPL49,PPI
HDAC1,NIPBL,PPI
PDS5A,NIPBL,PPI
BPTF,NIPBL,PPI
MED23,NIPBL,PPI
IRF4,NIPBL,PPI
CBX1,NIPBL,PPI
SMARCA5,NIPBL,PPI
CHD4,SMARCA5,PPI
HNRNPR,SMARCA5,PPI
CTBP1,SMARCA5,PPI
NFYC,SMARCA5,PPI
DNM2,SMARCA5,PPI
MYC,SMARCA5,PPI
BRD2,SMARCA5,PPI
CBX1,SMARCA5,PPI
BPTF,SMARCA5,PPI
MAX,SMARCA5,PPI
KPNA2,SMARCA5,PPI
UBE2L3,SMARCA5,PPI
DMAP1,SMARCA5,PPI
CENPA,SMARCA5,PPI
MAF,SMARCA5,PPI
POU5F1B,SMARCA5,PPI
RAD51D,SMARCA5,PPI
MCM3,SMARCA5,PPI
XRCC5,SMARCA5,PPI
SMARCE1,SMARCA5,PPI
HDAC3,SMARCA5,PPI
HDAC1,SMARCA5,PPI
RBPJ,SMARCA5,PPI
ACTG1,SMARCA5,PPI
CCNE2,SMARCA5,PPI
RAD51C,SMARCA5,PPI
CHAF1A,SMARCA5,PPI
TBP,SMARCA5,PPI
KAT5,SMARCA5,PPI
SIN3A,SMARCA5,PPI
RTF1,SMARCA5,PPI
EP400,SMARCA5,PPI
SUMO2,SMARCA5,PPI
SMARCD1,SMARCA5,PPI
RBBP4,SMARCA5,PPI
SUMO2,HNRNPU,PPI
PTBP1,HNRNPU,PPI
RPL36A,HNRNPU,PPI
CHD4,HNRNPU,PPI
YBX1,HNRNPU,PPI
RFC4,HNRNPU,PPI
SMG7,HNRNPU,PPI
DDX24,HNRNPU,PPI
UPF1,HNRNPU,PPI
MAX,HNRNPU,PPI
TOP1,HNRNPU,PPI
MYC,HNRNPU,PPI
DDX20,HNRNPU,PPI
DHX9,HNRNPU,PPI
HSP90B1,HNRNPU,PPI
HUWE1,HNRNPU,PPI
GTF2F2,HNRNPU,PPI
GTF3C1,HNRNPU,PPI
HNRNPC,HNRNPU,PPI
POU5F1B,HNRNPU,PPI
RNF4,HNRNPU,PPI
HNRNPR,HNRNPU,PPI
DDX3X,HNRNPU,PPI
HNRNPH1,HNRNPU,PPI
HMGB1,HNRNPU,PPI
CENPA,HNRNPU,PPI
PCBP1,HNRNPU,PPI
GTF2E2,GTF2E1,PPI
TAF8,GTF2E1,PPI
TAF6L,GTF2E1,PPI
HMGB1,GTF2E1,PPI
SNAPC5,GTF2E1,PPI
AK6,GTF2E1,PPI
ERCC3,GTF2E1,PPI
RELA,GTF2E1,PPI
SP1,GTF2E1,PPI
TAF5,GTF2E1,PPI
SMARCD1,GTF2E1,PPI
RPRD2,GTF2E1,PPI
GTF3A,GTF2E1,PPI
GTF2A1,GTF2E1,PPI
TAF10,GTF2E1,PPI
TBP,GTF2E1,PPI
POU2F1,GTF2E1,PPI
GTF2F2,GTF2E1,PPI
SMARCE1,GTF2E1,PPI
SNAPC3,GTF2E1,PPI
POU5F1B,GTF2E1,PPI
RPRD1B,GTF2E1,PPI
IRF4,GTF2E1,PPI
TAF13,GTF2E1,PPI
TAF13,ERCC3,PPI
XRCC5,ERCC3,PPI
MAX,ERCC3,PPI
TBP,ERCC3,PPI
GTF2F2,ERCC3,PPI
TAF6L,ERCC3,PPI
USP7,ERCC3,PPI
RFC4,ERCC3,PPI
E2F1,ERCC3,PPI
TAF10,ERCC3,PPI
AK6,ERCC3,PPI
TAF5,ERCC3,PPI
MYC,ERCC3,PPI
SUMO2,ERCC3,PPI
GTF2E2,ERCC3,PPI
CDC42,ERCC3,PPI
GTF2A1,ERCC3,PPI
MAF,ERCC3,PPI
TAF8,ERCC3,PPI
RBPJ,ERCC3,PPI
KDM5C,CTBP1,PPI
CARM1,CTBP1,PPI
TFDP1,CTBP1,PPI
FBXO11,CTBP1,PPI
SIN3A,CTBP1,PPI
NME2,CTBP1,PPI
POU5F1B,CTBP1,PPI
SP1,CTBP1,PPI
POU2F1,CTBP1,PPI
TLE3,CTBP1,PPI
TBP,CTBP1,PPI
RBPJ,CTBP1,PPI
RBBP4,CTBP1,PPI
HDAC1,CTBP1,PPI
CHD4,CTBP1,PPI
HDAC3,CTBP1,PPI
ZNF217,CTBP1,PPI
MYC,CTBP1,PPI
EIF4E,EIF4A1,PPI
KPNA2,EIF4A1,PPI
PTBP1,EIF4A1,PPI
HSP90B1,EIF4A1,PPI
EIF3F,EIF4A1,PPI
HNRNPC,EIF4A1,PPI
DDX3X,EIF4A1,PPI
HNRNPH1,EIF4A1,PPI
DHX9,EIF4A1,PPI
HSPA8,EIF4A1,PPI
HUWE1,EIF4A1,PPI
VPS35,EIF4A1,PPI
RBPJ,EIF4A1,PPI
YWHAZ,EIF4A1,PPI
PES1,EIF4A1,PPI
CHD4,EIF4A1,PPI
SUMO2,EIF4A1,PPI
CENPA,EIF4A1,PPI
XRCC5,EIF4A1,PPI
YBX1,EIF4A1,PPI
RPTOR,EIF4A1,PPI
UPF1,EIF4A1,PPI
MEF2C,TAF6L,PPI
TAF5,TAF6L,PPI
GTF2A1,TAF6L,PPI
TADA2B,TAF6L,PPI
AK6,TAF6L,PPI
HDAC1,TAF6L,PPI
BRD2,TAF6L,PPI
BPTF,TAF6L,PPI
TBP,TAF6L,PPI
GTF2E2,TAF6L,PPI
TAF8,TAF6L,PPI
TAF10,TAF6L,PPI
TAF13,TAF6L,PPI
CUL1,RICTOR,PPI
MYC,RICTOR,PPI
MLST8,RICTOR,PPI
HSPA8,RICTOR,PPI
RPTOR,RICTOR,PPI
YWHAZ,RICTOR,PPI
RNF4,VPS35,PPI
UPF1,VPS35,PPI
IRF4,VPS35,PPI
DNM2,VPS35,PPI
GTF2F2,TAF10,PPI
GTF2E2,TAF10,PPI
BPTF,TAF10,PPI
GTF2A1,TAF10,PPI
TBP,TAF10,PPI
KPNA2,TAF10,PPI
TADA2B,TAF10,PPI
TAF8,TAF10,PPI
MYC,TAF10,PPI
TAF13,TAF10,PPI
MAX,TAF10,PPI
AK6,TAF10,PPI
TAF5,TAF10,PPI
BRD2,TAF10,PPI
KDM5C,HSP90B1,PPI
CTR9,HSP90B1,PPI
PPP2CA,HSP90B1,PPI
RNF4,HSP90B1,PPI
DDX3X,HSP90B1,PPI
EIF3F,HSP90B1,PPI
HUWE1,HSP90B1,PPI
RAD51D,HSP90B1,PPI
DDX24,HSP90B1,PPI
HNRNPH1,HSP90B1,PPI
RAD51C,HSP90B1,PPI
YWHAZ,HSP90B1,PPI
PSMD4,HSP90B1,PPI
SYVN1,HSP90B1,PPI
PRMT5,HSP90B1,PPI
HYOU1,HSP90B1,PPI
HSPA8,HSP90B1,PPI
DDX20,HSP90B1,PPI
MYC,HSP90B1,PPI
TBP,POLR3E,PPI
GTF3A,POLR3E,PPI
SUMO2,POLR3E,PPI
POLR3C,POLR3E,PPI
BDP1,POLR3E,PPI
POU2F1,POLR3E,PPI
RBPJ,POLR3E,PPI
SNAPC5,POLR3E,PPI
BRD2,POLR3E,PPI
GTF3C1,POLR3E,PPI
SNAPC3,POLR3E,PPI
POLR3F,POLR3E,PPI
MED23,MED1,PPI
GABPA,MED1,PPI
KAT5,MED1,PPI
MED16,MED1,PPI
HNRNPH1,MED1,PPI
HDAC1,MED1,PPI
MYC,MED1,PPI
RUNX2,MED1,PPI
SP1,MED1,PPI
HNRNPC,MED1,PPI
HDAC1,CHAF1A,PPI
CENPA,CHAF1A,PPI
CHD4,CHAF1A,PPI
HMGA1,CHAF1A,PPI
XRCC5,CHAF1A,PPI
CBX1,CHAF1A,PPI
DMAP1,CHAF1A,PPI
EIF3F,CHAF1A,PPI
DDX20,CHAF1A,PPI
HDAC3,CHAF1A,PPI
SUMO2,CHAF1A,PPI
RBBP4,CHAF1A,PPI
YWHAZ,CHAF1A,PPI
GTF2E2,CHAF1A,PPI
SMARCE1,CHAF1A,PPI
HSPA8,CHAF1A,PPI
MYC,CHAF1A,PPI
SIN3A,CHAF1A,PPI
SMARCD1,CHAF1A,PPI
HUWE1,CHAF1A,PPI
CHD4,HDAC3,PPI
HDAC1,HDAC3,PPI
RBBP4,HDAC3,PPI
RELA,HDAC3,PPI
KDM5C,HDAC3,PPI
BRD2,HDAC3,PPI
HSPA8,HDAC3,PPI
ACTG1,HDAC3,PPI
SMARCD1,HDAC3,PPI
CENPA,HDAC3,PPI
MYC,HDAC3,PPI
PRMT5,HDAC3,PPI
RUNX2,HDAC3,PPI
RBPJ,HDAC3,PPI
TAF5,HDAC3,PPI
MAX,HDAC3,PPI
TFDP1,HDAC3,PPI
CBX1,HDAC3,PPI
SP1,HDAC3,PPI
EP400,HDAC3,PPI
TLE3,HDAC3,PPI
POU5F1B,HDAC3,PPI
SIN3A,HDAC3,PPI
KAT5,HDAC3,PPI
NKAP,HDAC3,PPI
CBFB,HDAC3,PPI
E2F1,HDAC3,PPI
TOP1,HDAC3,PPI
MEF2C,HDAC3,PPI
PKM,HDAC3,PPI
GABPA,HDAC3,PPI
SUZ12,HDAC3,PPI
PES1,PDS5A,PPI
RNF4,PDS5A,PPI
HNRNPH1,PCBP1,PPI
EIF4E,PCBP1,PPI
HUWE1,PCBP1,PPI
GTF2F2,PCBP1,PPI
DDX3X,PCBP1,PPI
HNRNPC,PCBP1,PPI
DHX9,PCBP1,PPI
CDC42,PCBP1,PPI
PTBP1,PCBP1,PPI
ZBTB17,PCBP1,PPI
HMGA1,PCBP1,PPI
PAICS,PCBP1,PPI
PKM,PCBP1,PPI
DDX24,PCBP1,PPI
HNRNPR,PCBP1,PPI
CBX1,BPTF,PPI
CHD4,BPTF,PPI
SMARCD1,BPTF,PPI
TAF5,BPTF,PPI
E2F1,BPTF,PPI
TAF8,BPTF,PPI
MEF2C,BPTF,PPI
KANSL3,BPTF,PPI
TADA2B,BPTF,PPI
KAT5,BPTF,PPI
NFYC,BPTF,PPI
TBP,BPTF,PPI
RBPJ,BPTF,PPI
RBBP4,BPTF,PPI
ACTG1,BPTF,PPI
EP400,BPTF,PPI
CENPA,BPTF,PPI
SUMO2,BPTF,PPI
AK6,BPTF,PPI
XRCC5,BPTF,PPI
YWHAZ,RPTOR,PPI
EIF3F,RPTOR,PPI
MYC,RPTOR,PPI
EIF4E,RPTOR,PPI
YBX1,RPTOR,PPI
GTF3C1,RPTOR,PPI
RNF4,RPTOR,PPI
MLST8,RPTOR,PPI
DDX24,RPTOR,PPI
DDX20,RPTOR,PPI
DDX3X,RPTOR,PPI
DNM2,RPTOR,PPI
GABPA,TADA2B,PPI
TAF5,TADA2B,PPI
BRD2,TADA2B,PPI
AK6,TADA2B,PPI
MYC,TADA2B,PPI
TBP,TADA2B,PPI
TFDP1,TADA2B,PPI
TAF13,TADA2B,PPI
MEF2C,TADA2B,PPI
RBPJ,TADA2B,PPI
IRF4,CFLAR,PPI
MYC,CFLAR,PPI
PRMT5,CFLAR,PPI
HSPA8,CFLAR,PPI
UBE2L3,UBE2N,PPI
CUL1,UBE2N,PPI
RTF1,UBE2N,PPI
GTF2F2,UBE2N,PPI
RNF4,UBE2N,PPI
HNRNPH1,UBE2N,PPI
HUWE1,UBE2N,PPI
SUMO2,UBE2N,PPI
HMGB1,UBE2N,PPI
KAT5,UBE2N,PPI
KANSL3,UBE2N,PPI
TFDP1,SUZ12,PPI
MYC,SUZ12,PPI
HDAC1,SUZ12,PPI
KDM5C,SUZ12,PPI
RELA,SUZ12,PPI
CBX1,SUZ12,PPI
GTF3C1,SUZ12,PPI
USP7,SUZ12,PPI
RBBP4,SUZ12,PPI
MEN1,PRMT5,PPI
HNRNPH1,PRMT5,PPI
RIOK1,PRMT5,PPI
RELA,PRMT5,PPI
SMARCD1,PRMT5,PPI
E2F1,PRMT5,PPI
TAF5,PRMT5,PPI
CDC42,PRMT5,PPI
SMARCE1,PRMT5,PPI
HSPA8,PRMT5,PPI
KAT5,PRMT5,PPI
RBBP4,PRMT5,PPI
PRDM1,PRMT5,PPI
MYC,PRMT5,PPI
HDAC1,PRMT5,PPI
RBPJ,PRMT5,PPI
CHD4,PRMT5,PPI
SP1,PRMT5,PPI
SIN3A,PRMT5,PPI
TAF5,SNAPC5,PPI
GTF2A1,SNAPC5,PPI
SP1,SNAPC5,PPI
BDP1,SNAPC5,PPI
GTF2F2,SNAPC5,PPI
GTF2E2,SNAPC5,PPI
TAF8,SNAPC5,PPI
TAF13,SNAPC5,PPI
POLR3C,SNAPC5,PPI
SNAPC3,SNAPC5,PPI
TBP,SNAPC5,PPI
RPRD1B,SNAPC5,PPI
POLR3F,SNAPC5,PPI
POU2F1,SNAPC5,PPI
RPRD2,SNAPC5,PPI
NME2,PKM,PPI
TUBB,PKM,PPI
MYC,PKM,PPI
USP7,PKM,PPI
HUWE1,PKM,PPI
PSMD4,PKM,PPI
SUMO2,PKM,PPI
RPL36A,PKM,PPI
PAICS,PKM,PPI
RNF4,PKM,PPI
HSPA8,PKM,PPI
POU5F1B,PKM,PPI
TOP1,TSPYL5,PPI
MYC,TSPYL5,PPI
CENPA,TSPYL5,PPI
USP7,TSPYL5,PPI
RBPJ,EBF1,PPI
HNRNPH1,EBF1,PPI
RBBP4,SMARCE1,PPI
CARM1,SMARCE1,PPI
SIN3A,SMARCE1,PPI
SMARCD1,SMARCE1,PPI
CBFB,SMARCE1,PPI
GTF2A1,SMARCE1,PPI
RUNX2,SMARCE1,PPI
HDAC1,SMARCE1,PPI
IRF4,SMARCE1,PPI
ACTG1,SMARCE1,PPI
GTF3A,SMARCE1,PPI
POU5F1B,SMARCE1,PPI
BRD2,SMARCE1,PPI
EP400,SMARCE1,PPI
RELA,SMARCE1,PPI
HMGB1,SMARCE1,PPI
CHD4,SMARCE1,PPI
RNF4,NCAPD2,PPI
DDX3X,NCAPD2,PPI
RELA,MED16,PPI
HNRNPH1,MED16,PPI
RNF4,MED16,PPI
MED23,MED16,PPI
MYC,MED16,PPI
YBX1,CARM1,PPI
IRF4,CARM1,PPI
SMARCD1,CARM1,PPI
E2F1,CARM1,PPI
HDAC1,CARM1,PPI
KAT5,CARM1,PPI
MYC,CARM1,PPI
GTF2A1,CARM1,PPI
RELA,CARM1,PPI
TBP,CARM1,PPI
MEF2C,CARM1,PPI
UBE2L3,CUL1,PPI
PRDM1,CUL1,PPI
RUNX2,CUL1,PPI
RELA,CUL1,PPI
RBBP4,CUL1,PPI
PPP2CA,CUL1,PPI
MYC,CUL1,PPI
YBX1,CUL1,PPI
FBXO11,CUL1,PPI
E2F1,CUL1,PPI
PSMD4,CUL1,PPI
EIF3F,CUL1,PPI
ORC1,CUL1,PPI
CCNE2,CUL1,PPI
RNF4,MAF,PPI
RBPJ,MAF,PPI
ATF4,MAF,PPI
IRF4,MAF,PPI
RUNX2,MAF,PPI
SIN3A,MAF,PPI
DHX9,TSEN54,PPI
IRF4,TSEN54,PPI
TAF5,SP1,PPI
TFDP1,SP1,PPI
E2F1,SP1,PPI
MEF2C,SP1,PPI
TAF13,SP1,PPI
RPRD1B,SP1,PPI
PFDN5,SP1,PPI
YBX1,SP1,PPI
TAF8,SP1,PPI
NFYC,SP1,PPI
SIN3A,SP1,PPI
ZBTB17,SP1,PPI
GTF2E2,SP1,PPI
DDX3X,SP1,PPI
SUMO2,SP1,PPI
RBBP4,SP1,PPI
HMGA1,SP1,PPI
HDAC1,SP1,PPI
RPRD2,SP1,PPI
GABPA,SP1,PPI
RELA,SP1,PPI
TBP,SP1,PPI
POU2F1,SP1,PPI
MYC,SP1,PPI
GTF2A1,SP1,PPI
SNAPC3,SP1,PPI
POU5F1B,SP1,PPI
HSPA8,SP1,PPI
GTF2F2,SP1,PPI
TLE3,SP1,PPI
RNF4,SP1,PPI
TBP,POLR3C,PPI
SNAPC3,POLR3C,PPI
POLR3F,POLR3C,PPI
BDP1,POLR3C,PPI
POU2F1,POLR3C,PPI
GTF3A,POLR3C,PPI
GTF3C1,POLR3C,PPI
CHD4,RAD51C,PPI
SUMO2,RAD51C,PPI
EP400,RAD51C,PPI
RAD51D,RAD51C,PPI
MYC,RAD51C,PPI
KAT5,RAD51C,PPI
RBPJ,EIF5A,PPI
HUWE1,EIF5A,PPI
EIF3F,EIF5A,PPI
RPL36A,EIF5A,PPI
EEF1B2,EIF5A,PPI
HNRNPC,EIF5A,PPI
HAUS7,ATF4,PPI
RUNX2,ATF4,PPI
GTF2F2,ATF4,PPI
HYOU1,ATF4,PPI
TBP,ATF4,PPI
RNF4,ATF4,PPI
EP400,CENPA,PPI
XRCC5,CENPA,PPI
MCM3,CENPA,PPI
BRD2,CENPA,PPI
IRF4,CENPA,PPI
ORC1,CENPA,PPI
HDAC1,CENPA,PPI
DDX3X,CENPA,PPI
HSPA8,CENPA,PPI
CBX1,CENPA,PPI
RBBP4,CENPA,PPI
CHD4,CENPA,PPI
NFYC,CENPA,PPI
KDM5C,CENPA,PPI
KAT5,CENPA,PPI
SIN3A,MEN1,PPI
HSPA8,MEN1,PPI
SON,MEN1,PPI
MYC,MEN1,PPI
RELA,MEN1,PPI
RUNX2,MEN1,PPI
HDAC1,MEN1,PPI
HSPA8,TUBB,PPI
YWHAZ,TUBB,PPI
NME2,TUBB,PPI
MYC,TUBB,PPI
KAT5,TUBB,PPI
SUMO2,TUBB,PPI
CDC42,TUBB,PPI
HYOU1,TUBB,PPI
TBP,TUBB,PPI
CHD4,TUBB,PPI
ACTG1,TUBB,PPI
HUWE1,TUBB,PPI
HDAC1,TUBB,PPI
TFDP1,KAT5,PPI
DHX9,KAT5,PPI
RELA,KAT5,PPI
EP400,KAT5,PPI
RFC4,KAT5,PPI
USP7,KAT5,PPI
CBX1,KAT5,PPI
E2F1,KAT5,PPI
HDAC1,KAT5,PPI
PTBP1,KAT5,PPI
ACTG1,KAT5,PPI
MAX,KAT5,PPI
MYC,KAT5,PPI
BRD2,KAT5,PPI
SIN3A,KAT5,PPI
HNRNPH1,KAT5,PPI
GTF2A1,KAT5,PPI
TBP,KAT5,PPI
DMAP1,KAT5,PPI
KANSL3,KAT5,PPI
CHD4,KAT5,PPI
HSPA8,KAT5,PPI
RBPJ,KAT5,PPI
SUMO2,KAT5,PPI
GTF2A1,HUWE1,PPI
HSPA8,HUWE1,PPI
XRCC5,HUWE1,PPI
HNRNPH1,HUWE1,PPI
YWHAZ,HUWE1,PPI
ZBTB17,HUWE1,PPI
UBE2L3,HUWE1,PPI
EEF1B2,HUWE1,PPI
KPNA2,HUWE1,PPI
EIF3F,HUWE1,PPI
PAICS,HUWE1,PPI
DDX3X,HUWE1,PPI
TBP,HUWE1,PPI
RBBP4,HUWE1,PPI
PSMD13,HUWE1,PPI
PSMD4,HUWE1,PPI
EIF4E,HUWE1,PPI
PPP1R10,HUWE1,PPI
RPRD1B,HUWE1,PPI
HMGB1,HUWE1,PPI
MYC,HUWE1,PPI
RAD51D,HUWE1,PPI
USP7,HUWE1,PPI
POU2F1,GTF2F2,PPI
TAF5,GTF2F2,PPI
HMGA1,GTF2F2,PPI
CTR9,GTF2F2,PPI
HNRNPR,GTF2F2,PPI
SNAPC3,GTF2F2,PPI
PTBP1,GTF2F2,PPI
GTF2A1,GTF2F2,PPI
RPRD2,GTF2F2,PPI
MEF2C,GTF2F2,PPI
TBP,GTF2F2,PPI
TAF8,GTF2F2,PPI
GTF2E2,GTF2F2,PPI
HNRNPC,GTF2F2,PPI
YBX1,GTF2F2,PPI
TAF13,GTF2F2,PPI
RTF1,GTF2F2,PPI
RPRD1B,GTF2F2,PPI
HNRNPH1,GTF2F2,PPI
HDAC1,MEF2C,PPI
SIN3A,MEF2C,PPI
YWHAZ,MEF2C,PPI
PAICS,MEF2C,PPI
CBX1,MEF2C,PPI
TBP,MEF2C,PPI
MYC,SRFBP1,PPI
PES1,SRFBP1,PPI
PPP2CA,USP7,PPI
RELA,USP7,PPI
BRD2,USP7,PPI
PSMD4,USP7,PPI
HDAC1,USP7,PPI
MYC,USP7,PPI
HNRNPH1,USP7,PPI
DHX9,USP7,PPI
RBPJ,USP7,PPI
SUMO2,USP7,PPI
DDX24,USP7,PPI
AK6,RBPJ,PPI
CHD4,RBPJ,PPI
BRD2,RBPJ,PPI
SIN3A,RBPJ,PPI
PPP2CA,RBPJ,PPI
XRCC5,RBPJ,PPI
POLR3F,RBPJ,PPI
HDAC1,RBPJ,PPI
IRF4,RBPJ,PPI
TOP1,RBPJ,PPI
POU5F1B,RBPJ,PPI
TBP,RBPJ,PPI
DNM2,RBPJ,PPI
SMARCD1,RBPJ,PPI
EP400,RBPJ,PPI
GTF2A1,RBPJ,PPI
KDM5C,RBPJ,PPI
TLE3,RBPJ,PPI
BDP1,RBPJ,PPI
TAF5,RBPJ,PPI
DDX20,RBPJ,PPI
HNRNPH1,RBPJ,PPI
GABPA,HMGB1,PPI
CDC42,HMGB1,PPI
GTF3A,HMGB1,PPI
RFC4,HMGB1,PPI
RELA,HMGB1,PPI
HDAC1,HMGB1,PPI
BCL2,HMGB1,PPI
DNM2,HMGB1,PPI
POLR3F,HMGB1,PPI
TBP,HMGB1,PPI
IRF4,HMGB1,PPI
HMGA1,HMGB1,PPI
GTF2A1,HMGB1,PPI
HSPA8,HMGB1,PPI
SUMO2,HMGB1,PPI
SYVN1,HMGB1,PPI
RNF4,HMGB1,PPI
SMARCD1,HMGB1,PPI
TBP,E2F1,PPI
RELA,E2F1,PPI
MYC,E2F1,PPI
CCNE2,E2F1,PPI
HDAC1,E2F1,PPI
RBBP4,E2F1,PPI
BRD2,E2F1,PPI
TFDP1,E2F1,PPI
RNF4,PES1,PPI
DDX3X,PES1,PPI
TOP1,PES1,PPI
KPNA2,PES1,PPI
MYC,PES1,PPI
DDX24,PES1,PPI
CHD4,PES1,PPI
DDX20,PES1,PPI
RUNX2,GABPA,PPI
HDAC1,GABPA,PPI
MYC,GABPA,PPI
TBP,GTF2E2,PPI
RPRD1B,GTF2E2,PPI
DNM2,GTF2E2,PPI
TAF5,GTF2E2,PPI
SUMO2,GTF2E2,PPI
SNAPC3,GTF2E2,PPI
RPRD2,GTF2E2,PPI
PPP2CA,GTF2E2,PPI
TAF13,GTF2E2,PPI
POU2F1,GTF2E2,PPI
AK6,GTF2E2,PPI
SIN3A,GTF2E2,PPI
TAF8,GTF2E2,PPI
GTF2A1,GTF2E2,PPI
MYC,GTF3C1,PPI
TBP,GTF3C1,PPI
GTF3A,GTF3C1,PPI
BDP1,GTF3C1,PPI
TOP1,GTF3C1,PPI
POLR3F,GTF3C1,PPI
NMD3,SON,PPI
DHX9,SON,PPI
DDX20,PPP4R2,PPI
MYC,PPP4R2,PPI
PPP1R10,PPP4R2,PPI
PPP2CA,PPP4R2,PPI
SUMO2,HNRNPH1,PPI
CHD4,HNRNPH1,PPI
RAD51D,HNRNPH1,PPI
CBX1,HNRNPH1,PPI
HNRNPR,HNRNPH1,PPI
KPNA2,HNRNPH1,PPI
PTBP1,HNRNPH1,PPI
GTF2A1,HNRNPH1,PPI
DDX3X,HNRNPH1,PPI
MAX,HNRNPH1,PPI
CDC42,HNRNPH1,PPI
POU2F1,HNRNPH1,PPI
HNRNPC,HNRNPH1,PPI
YBX1,PTBP1,PPI
HNRNPR,PTBP1,PPI
SUMO2,PTBP1,PPI
CHD4,PTBP1,PPI
HMGA1,PTBP1,PPI
EIF4E,PTBP1,PPI
MYC,PTBP1,PPI
HNRNPC,PTBP1,PPI
RNF4,PTBP1,PPI
ACTG1,CHD4,PPI
DHX9,CHD4,PPI
DDX24,CHD4,PPI
HNRNPC,CHD4,PPI
MYC,CHD4,PPI
DDX52,CHD4,PPI
CTR9,CHD4,PPI
DMAP1,CHD4,PPI
BRD2,CHD4,PPI
POU5F1B,CHD4,PPI
HSPA8,CHD4,PPI
SUMO2,CHD4,PPI
RBBP4,CHD4,PPI
XRCC5,CHD4,PPI
HNRNPR,CHD4,PPI
RNF4,CHD4,PPI
SMARCD1,CHD4,PPI
DDX3X,CHD4,PPI
TBP,CHD4,PPI
NFYC,CHD4,PPI
SIN3A,CHD4,PPI
HDAC1,CHD4,PPI
MCM3,CHD4,PPI
USP36,CHD4,PPI
RAD51D,CHD4,PPI
CBX1,CHD4,PPI
RTF1,CHD4,PPI
KPNA2,CHD4,PPI
EIF3F,CHD4,PPI
TOP1,CHD4,PPI
KDM5C,MAX,PPI
TBP,MAX,PPI
TFDP1,MAX,PPI
EP400,MAX,PPI
ZBTB17,MAX,PPI
NFYC,MAX,PPI
AK6,MAX,PPI
HDAC1,MAX,PPI
PPP2CA,MAX,PPI
DMAP1,MAX,PPI
MYC,MAX,PPI
SIN3A,MAX,PPI
RBBP4,MAX,PPI
CBX1,MAX,PPI
GTF3A,BDP1,PPI
SNAPC3,BDP1,PPI
POLR3F,BDP1,PPI
MYC,BDP1,PPI
TBP,BDP1,PPI
POU2F1,BDP1,PPI
HNRNPR,TOP1,PPI
RNF4,TOP1,PPI
TBP,TOP1,PPI
TFAM,TOP1,PPI
HNRNPC,TOP1,PPI
HDAC1,TOP1,PPI
XRCC5,TOP1,PPI
SUMO2,TOP1,PPI
RFC4,TOP1,PPI
MYC,TOP1,PPI
DHX9,TOP1,PPI
TAF5,CTR9,PPI
MYC,CTR9,PPI
HYOU1,CTR9,PPI
HSPA8,CTR9,PPI
RPRD2,CTR9,PPI
RTF1,CTR9,PPI
RPRD1B,TAF13,PPI
GTF2A1,TAF13,PPI
AK6,TAF13,PPI
BRD2,TAF13,PPI
RPRD2,TAF13,PPI
TAF5,TAF13,PPI
TAF8,TAF13,PPI
POU2F1,TAF13,PPI
TBP,TAF13,PPI
SNAPC3,TAF13,PPI
DDX20,DHX9,PPI
RELA,DHX9,PPI
RFC4,DHX9,PPI
PSMD13,DHX9,PPI
HNRNPC,DHX9,PPI
DDX24,DHX9,PPI
XRCC5,DHX9,PPI
YBX1,DHX9,PPI
RPL36A,DHX9,PPI
HSPA8,DHX9,PPI
TBP,DHX9,PPI
POU5F1B,DHX9,PPI
MYC,DHX9,PPI
SUMO2,DHX9,PPI
EIF4E,DHX9,PPI
RNF4,DHX9,PPI
DDX3X,DHX9,PPI
HNRNPR,DHX9,PPI
HSPA8,POU2F1,PPI
TBP,POU2F1,PPI
HMGA1,POU2F1,PPI
TAF5,POU2F1,PPI
RELA,POU2F1,PPI
POLR3F,POU2F1,PPI
RPRD2,POU2F1,PPI
RPRD1B,POU2F1,PPI
HDAC1,POU2F1,PPI
SNAPC3,POU2F1,PPI
TAF8,POU2F1,PPI
XRCC5,POU2F1,PPI
POU2AF1,POU2F1,PPI
GTF2A1,POU2F1,PPI
IRF4,MED23,PPI
RNF4,MED23,PPI
RELA,MED23,PPI
RIOK1,MED23,PPI
RNF4,PSMD4,PPI
YWHAZ,PSMD4,PPI
EIF3F,PSMD4,PPI
HSPA8,PSMD4,PPI
SUMO2,PSMD4,PPI
HYOU1,PSMD4,PPI
PSMD13,PSMD4,PPI
RELA,PSMD4,PPI
PAICS,PSMD4,PPI
HSPA8,SEC63,PPI
MYC,SEC63,PPI
HYOU1,SEC63,PPI
RNF4,SEC63,PPI
GTF2A1,RPRD2,PPI
SNAPC3,RPRD2,PPI
SMG7,RPRD2,PPI
DDX3X,RPRD2,PPI
RPRD1B,RPRD2,PPI
UPF1,RPRD2,PPI
TBP,RPRD2,PPI
TAF8,RPRD2,PPI
TAF5,RPRD2,PPI
FBXO11,PRDM1,PPI
POU5F1B,PRDM1,PPI
RIOK1,PRDM1,PPI
MYC,PRDM1,PPI
IRF4,PRDM1,PPI
HDAC1,PRDM1,PPI
HNRNPC,DDX20,PPI
YBX1,DDX20,PPI
MYC,DDX20,PPI
YWHAZ,DDX20,PPI
EIF4E,DDX20,PPI
NME2,DDX20,PPI
MCM3,DDX20,PPI
SIN3A,DDX20,PPI
KPNA2,DDX20,PPI
UPF1,DDX20,PPI
SNAPC3,TAF5,PPI
HDAC1,TAF5,PPI
BRD2,TAF5,PPI
CCNE2,TAF5,PPI
RPRD1B,TAF5,PPI
AK6,TAF5,PPI
TAF8,TAF5,PPI
GTF2A1,TAF5,PPI
TBP,TAF5,PPI
BRD2,NKAP,PPI
MYC,NKAP,PPI
HDAC1,RUNX2,PPI
BRD2,RUNX2,PPI
TLE3,RUNX2,PPI
SLC2A1,RUNX2,PPI
CBFB,RUNX2,PPI
MYC,RUNX2,PPI
XRCC5,RUNX2,PPI
SIN3A,RUNX2,PPI
HDAC1,ZNF217,PPI
POU5F1B,ZNF217,PPI
PPP2CA,ZNF217,PPI
SMG7,ZNF217,PPI
KDM5C,ZNF217,PPI
CCNE2,ORC1,PPI
CBX1,ORC1,PPI
PAICS,ORC1,PPI
MYC,ORC1,PPI
XRCC5,ORC1,PPI
HMGA1,ORC1,PPI
RBBP4,ORC1,PPI
MCM3,ORC1,PPI
KPNA2,ORC1,PPI
HDAC1,DMAP1,PPI
MYC,DMAP1,PPI
EP400,DMAP1,PPI
KANSL3,DMAP1,PPI
ACTG1,DMAP1,PPI
BRD2,DMAP1,PPI
SUMO2,DMAP1,PPI
MCM3,YBX1,PPI
DDX3X,YBX1,PPI
HSPA8,YBX1,PPI
MYC,YBX1,PPI
UPF1,YBX1,PPI
DDX24,YBX1,PPI
HNRNPC,YBX1,PPI
RNF4,YBX1,PPI
DNM2,YBX1,PPI
HNRNPR,YBX1,PPI
XRCC5,YBX1,PPI
EIF4E,YBX1,PPI
TBP,TAF8,PPI
SNAPC3,TAF8,PPI
KDM5C,TAF8,PPI
RPRD1B,TAF8,PPI
AK6,TAF8,PPI
GTF2A1,TAF8,PPI
KPNA2,TAF8,PPI
BRD2,TAF8,PPI
TBP,RPRD1B,PPI
GTF2A1,RPRD1B,PPI
DDX3X,RPRD1B,PPI
SNAPC3,RPRD1B,PPI
EP400,RBBP4,PPI
MCM3,RBBP4,PPI
TFDP1,RBBP4,PPI
KPNA2,RBBP4,PPI
BRD2,RBBP4,PPI
HSPA8,RBBP4,PPI
KDM5C,RBBP4,PPI
HDAC1,RBBP4,PPI
PSMD13,RBBP4,PPI
SUMO2,RBBP4,PPI
SIN3A,RBBP4,PPI
CBX1,RBBP4,PPI
DDX3X,RBBP4,PPI
POU5F1B,RBBP4,PPI
HYOU1,RBBP4,PPI
NFYC,HDAC1,PPI
TBP,HDAC1,PPI
RIOK1,HDAC1,PPI
SMARCD1,HDAC1,PPI
PFDN5,HDAC1,PPI
POU5F1B,HDAC1,PPI
KDM5C,HDAC1,PPI
SUMO2,HDAC1,PPI
TLE3,HDAC1,PPI
RELA,HDAC1,PPI
SIN3A,HDAC1,PPI
BRD2,HDAC1,PPI
EP400,HDAC1,PPI
TFDP1,HDAC1,PPI
CBX1,HDAC1,PPI
ACTG1,HDAC1,PPI
CBFB,HDAC1,PPI
HSPA8,HDAC1,PPI
KPNA2,HDAC1,PPI
HNRNPR,HDAC1,PPI
MYC,HDAC1,PPI
DDX3X,HNRNPR,PPI
HNRNPC,HNRNPR,PPI
RNF4,HNRNPR,PPI
TBP,HNRNPR,PPI
CBX1,HNRNPR,PPI
UPF1,HNRNPR,PPI
CCNE2,TFDP1,PPI
KDM5C,TFDP1,PPI
SUMO2,KDM5C,PPI
MYC,KDM5C,PPI
SIN3A,KDM5C,PPI
MYC,ZBTB17,PPI
POU5F1B,PPP1R10,PPI
MYC,PPP1R10,PPI
RNF4,PPP1R10,PPI
PPP2CA,PPP1R10,PPI
MYC,SYVN1,PPI
RNF4,SYVN1,PPI
GTF3A,POLR3F,PPI
SNAPC3,POLR3F,PPI
TBP,POLR3F,PPI
TFAM,POLR3F,PPI
SUMO2,RIOK1,PPI
RELA,AK6,PPI
GTF2A1,AK6,PPI
TBP,AK6,PPI
BRD2,AK6,PPI
SMARCD1,AK6,PPI
SIN3A,AK6,PPI
MYC,AK6,PPI
TBP,SNAPC3,PPI
GTF2A1,SNAPC3,PPI
SMARCD1,IRF4,PPI
GTF3A,IRF4,PPI
MYC,IRF4,PPI
RELA,IRF4,PPI
GTF2A1,IRF4,PPI
RTF1,IRF4,PPI
KPNA2,GTF3A,PPI
RELA,GTF3A,PPI
SMARCD1,GTF3A,PPI
TBP,GTF3A,PPI
GTF2A1,GTF3A,PPI
CDC42,DNM2,PPI
ACTG1,DNM2,PPI
BCL2,DNM2,PPI
TFAM,DNM2,PPI
HSPA8,DNM2,PPI
MYC,DNM2,PPI
NME2,DNM2,PPI
TBP,DNM2,PPI
NFYC,EP400,PPI
BRD2,EP400,PPI
RAD51D,EP400,PPI
KANSL3,EP400,PPI
ACTG1,EP400,PPI
SMARCD1,EP400,PPI
PPP2CA,EP400,PPI
TBP,EP400,PPI
RTF1,EP400,PPI
SUMO2,EP400,PPI
MYC,EP400,PPI
CBX1,EP400,PPI
SIN3A,EP400,PPI
UBE2L3,RTF1,PPI
KPNA2,EXOSC8,PPI
MYC,EXOSC8,PPI
BRD2,TBP,PPI
SIN3A,TBP,PPI
RNF4,TBP,PPI
POU2AF1,TBP,PPI
RELA,TBP,PPI
GTF2A1,TBP,PPI
SMARCD1,TBP,PPI
NFYC,TBP,PPI
POU5F1B,TBP,PPI
XRCC5,TBP,PPI
PSMD13,TBP,PPI
HMGA1,TBP,PPI
MYC,TBP,PPI
SUMO2,XRCC5,PPI
HYOU1,XRCC5,PPI
POU5F1B,XRCC5,PPI
HNRNPC,XRCC5,PPI
SMG7,XRCC5,PPI
TEN1,XRCC5,PPI
MYC,XRCC5,PPI
HSPA8,XRCC5,PPI
RNF4,XRCC5,PPI
DDX3X,XRCC5,PPI
YWHAZ,EEF1B2,PPI
RPL36A,EEF1B2,PPI
PSMD13,RFC4,PPI
BRD2,RFC4,PPI
MYC,RFC4,PPI
POU5F1B,RFC4,PPI
TFAM,RFC4,PPI
MCM3,RFC4,PPI
PPP2CA,NME2,PPI
HSPA8,NME2,PPI
MYC,NME2,PPI
HYOU1,NME2,PPI
MIS12,CBX1,PPI
BRD2,CBX1,PPI
KPNA2,CBX1,PPI
RNF4,CBX1,PPI
MYC,SIN3A,PPI
RNF4,SIN3A,PPI
BRD2,SIN3A,PPI
SUMO2,SIN3A,PPI
YWHAZ,SIN3A,PPI
CBFB,SIN3A,PPI
PFDN5,SIN3A,PPI
GTF2A1,SMARCD1,PPI
RELA,SMARCD1,PPI
ACTG1,SMARCD1,PPI
CBFB,SMARCD1,PPI
KPNA2,SMARCD1,PPI
BRD2,SMARCD1,PPI
CBFB,BRD2,PPI
BCL2,BRD2,PPI
MYC,BRD2,PPI
DDX24,BRD2,PPI
NFYC,BRD2,PPI
MLST8,BRD2,PPI
ACTG1,BRD2,PPI
PPP2CA,YWHAZ,PPI
DDX24,YWHAZ,PPI
MCM3,YWHAZ,PPI
DDX3X,YWHAZ,PPI
MLST8,YWHAZ,PPI
HYOU1,YWHAZ,PPI
EIF3F,YWHAZ,PPI
HSPA8,YWHAZ,PPI
ACTG1,YWHAZ,PPI
RAD51D,YWHAZ,PPI
HNRNPC,YWHAZ,PPI
MYC,TEN1,PPI
RELA,BCL2,PPI
PPP2CA,BCL2,PPI
MYC,BCL2,PPI
SUMO2,DDX3X,PPI
UPF1,DDX3X,PPI
EIF3F,DDX3X,PPI
KPNA2,DDX3X,PPI
EIF4E,DDX3X,PPI
HNRNPC,DDX3X,PPI
HSPA8,DDX3X,PPI
MYC,DDX3X,PPI
SUMO2,CDC42,PPI
EIF4E,CDC42,PPI
ACTG1,CDC42,PPI
MYC,CDC42,PPI
RNF4,CDC42,PPI
HSPA8,RELA,PPI
PPP2CA,RELA,PPI
MYC,RELA,PPI
UBE2L3,RELA,PPI
GTF2A1,RELA,PPI
KPNA2,RELA,PPI
RNF4,FBXO11,PPI
MYC,NFYC,PPI
KANSL3,NFYC,PPI
POU5F1B,NFYC,PPI
MYC,KANSL3,PPI
SMG7,PSMD13,PPI
EIF3F,PSMD13,PPI
RNF4,HMGA1,PPI
SUMO2,UBE2L3,PPI
MYC,UBE2L3,PPI
NMD3,RPL36A,PPI
SUMO2,RPL36A,PPI
EIF3F,SUMO2,PPI
KPNA2,SUMO2,PPI
TLE3,SUMO2,PPI
RAD51D,SUMO2,PPI
ACTG1,SUMO2,PPI
EIF4E,SUMO2,PPI
PPP2CA,SUMO2,PPI
MCM3,SUMO2,PPI
HNRNPC,SUMO2,PPI
TFAM,SUMO2,PPI
RNF4,SUMO2,PPI
HSPA8,SUMO2,PPI
RNF4,SLC2A1,PPI
MYC,SLC2A1,PPI
MYC,PPP2CA,PPI
EIF4E,PPP2CA,PPI
SMG7,PPP2CA,PPI
HSPA8,PPP2CA,PPI
MLST8,PPP2CA,PPI
UPF1,PPP2CA,PPI
MYC,NMD3,PPI
UPF1,NMD3,PPI
MYC,POU5F1B,PPI
HSPA8,TFAM,PPI
MYC,TFAM,PPI
HNRNPC,SMG7,PPI
TLE3,SMG7,PPI
UPF1,SMG7,PPI
UPF1,EIF4E,PPI
DDX24,EIF4E,PPI
HNRNPC,EIF4E,PPI
EIF3F,EIF4E,PPI
MYC,EIF4E,PPI
MYC,RNF4,PPI
HNRNPC,RNF4,PPI
HSPA8,RNF4,PPI
GTF2A1,RNF4,PPI
HNRNPC,CCNE2,PPI
KPNA2,CCNE2,PPI
UPF1,EIF3F,PPI
MYC,EIF3F,PPI
HYOU1,HSPA8,PPI
MYC,HSPA8,PPI
ACTG1,HSPA8,PPI
ACTG1,KPNA2,PPI
MYC,KPNA2,PPI
HNRNPC,KPNA2,PPI
DDX24,KPNA2,PPI
MYC,USP36,PPI
MYC,PFDN5,PPI
MLST8,PFDN5,PPI
DDX24,HNRNPC,PPI
MYC,HNRNPC,PPI
UPF1,HNRNPC,PPI
MYC,TLE3,PPI
MYC,MLST8,PPI
MYC,ACTG1,PPI
MYC,RAD51D,PPI
MYC,UPF1,PPI
MYC,DDX52,PPI
MCM3,MYC,PPI
NOP16,MYC,PPI
MIS12,MYC,PPI
DDX24,MYC,PPI
IRF4,ATF4,CRC_Unidirectional
IRF4,PRDM10,CRC_Unidirectional
MEF2C,IRF4,CRC_Bidirectional
MYC,PRDM10,CRC_Unidirectional
MYC,SIN3A,CRC_Unidirectional
MYC,PRDM1,CRC_Bidirectional
MYC,ATF4,CRC_Bidirectional
MYC,MEF2C,CRC_Bidirectional
MYC,IRF4,CRC_Bidirectional
POU2F1,MYC,CRC_Bidirectional
PRDM1,POU2F1,CRC_Bidirectional
PRDM1,PRDM10,CRC_Unidirectional
PRDM1,IRF4,CRC_Bidirectional
PRDM1,ATF4,CRC_Bidirectional
PRDM1,MEF2C,CRC_Bidirectional
PRDM10,SIN3A,CRC_Bidirectional
SIN3A,MEF2C,CRC_Bidirectional
SIN3A,PRDM1,CRC_Bidirectional
SIN3A,IRF4,CRC_Bidirectional
SIN3A,ATF4,CRC_Bidirectional
SIN3A,POU2F1,CRC_Bidirectional
SMAD7,IRF4,CRC_Bidirectional
SMAD7,PRDM1,CRC_Bidirectional
SMAD7,MYC,CRC_Bidirectional
TCF3,PRDM1,CRC_Bidirectional
TCF3,SIN3A,CRC_Bidirectional
TCF3,MYC,CRC_Bidirectional
TCF3,IRF4,CRC_Bidirectional
TCF3,SMAD7,CRC_Bidirectional
ZNF217,PRDM1,CRC_Bidirectional
ZNF217,MEF2C,CRC_Bidirectional
ZNF217,PRDM10,CRC_Unidirectional
ZNF217,IRF4,CRC_Bidirectional
ZNF217,SIN3A,CRC_Bidirectional
ZNF217,SMAD7,CRC_Bidirectional
ZNF217,ATF4,CRC_Unidirectional
ZNF217,MYC,CRC_Unidirectional
ZNF217,TCF3,CRC_Bidirectional
ACTG1,HNRNPL,codep
ACTG1,POLR3C,codep
ACTG1,SKP1,codep
ACTR10,EEF1B2,codep
ACTR10,EIF5A,codep
ACTR10,ERCC3,codep
ACTR10,GAPDH,codep
ACTR10,GTF2E2,codep
ACTR10,GTF2F2,codep
ACTR10,MED1,codep
ACTR10,MIS12,codep
ACTR10,NKAP,codep
ACTR10,NMD3,codep
ACTR10,PAF1,codep
ACTR10,PES1,codep
ACTR10,RFC4,codep
ACTR10,SKP1,codep
ACTR10,TFAM,codep
ACTR10,YY1,codep
AK6,BDP1,codep
AK6,CHD4,codep
AK6,CTR9,codep
AK6,DHX33,codep
AK6,EXOSC8,codep
AK6,GTF2E2,codep
AK6,GTF3A,codep
AK6,LSG1,codep
AK6,MDM2,codep
AK6,MIS12,codep
AK6,NFYB,codep
AK6,POLR3F,codep
AK6,PPP1R10,codep
AK6,PRMT5,codep
AK6,PSMD13,codep
AK6,RAD51D,codep
AK6,RPL36A,codep
AK6,RPTOR,codep
AK6,SKP1,codep
AK6,SNAPC5,codep
AK6,SRFBP1,codep
AK6,USP36,codep
AK6,USP7,codep
AK6,VHL,codep
AK6,WDR77,codep
ATF4,DHX33,codep
ATF4,EXOSC8,codep
ATF4,NFYB,codep
ATF4,NOP16,codep
AURKA,CENPA,codep
AURKA,DHX33,codep
AURKA,GTF2E2,codep
AURKA,POLR3F,codep
AURKA,SKP1,codep
AURKA,SRFBP1,codep
AURKA,TAF8,codep
BATF3,EP300,codep
BATF3,IRF4,codep
BDP1,DDX24,codep
BDP1,GTF2A1,codep
BDP1,GTF3A,codep
BDP1,MCM3,codep
BDP1,NFYC,codep
BDP1,NKAP,codep
BDP1,NMD3,codep
BDP1,NPAT,codep
BDP1,PAF1,codep
BDP1,RTF1,codep
BNIP1,EIF3F,codep
BNIP1,GAPDH,codep
BNIP1,HMGA1,codep
BNIP1,MIS12,codep
BNIP1,NKAP,codep
BNIP1,PES1,codep
BNIP1,POLR3F,codep
BNIP1,PSMD13,codep
BNIP1,RPTOR,codep
BNIP1,SKP1,codep
BNIP1,SYVN1,codep
BPTF,HIRA,codep
BPTF,PES1,codep
BRD4,CDK6,codep
BRD4,DNM2,codep
BRD4,EP300,codep
BRD4,PAICS,codep
BRD4,TAF10,codep
CAD,CBFB,codep
CAD,CDC42,codep
CAD,CDK6,codep
CAD,DNM2,codep
CAD,EBF1,codep
CAD,EIF3G,codep
CAD,EIF5A,codep
CAD,EP300,codep
CAD,IRF4,codep
CAD,MEF2C,codep
CAD,PAICS,codep
CAD,PFDN5,codep
CAD,POLR3E,codep
CAD,SMARCE1,codep
CAD,TCF3,codep
CARM1,EBF1,codep
CARM1,EP300,codep
CARM1,IRF4,codep
CARM1,SYVN1,codep
CBFB,CDK6,codep
CBFB,DDX3X,codep
CBFB,DNM2,codep
CBFB,EBF1,codep
CBFB,EP300,codep
CBFB,HNRNPC,codep
CBFB,IRF4,codep
CBFB,MED1,codep
CBFB,MED16,codep
CBFB,MED23,codep
CBFB,MEF2C,codep
CBFB,MEN1,codep
CBFB,PAICS,codep
CBFB,SMAD7,codep
CBFB,TCF3,codep
CBFB,UBE2L3,codep
CBFB,ZNF217,codep
CBX1,EEF1B2,codep
CBX1,EP400,codep
CBX1,GTF2F2,codep
CBX1,HMGA1,codep
CBX1,NMD3,codep
CBX1,POGZ,codep
CBX1,SNAPC5,codep
CBX1,TSPYL5,codep
CCNB1,CUL1,codep
CCNB1,EIF5A,codep
CCNB1,GTF3A,codep
CCNB1,PAF1,codep
CCNB1,PES1,codep
CCNB1,PLK4,codep
CCNB1,RTF1,codep
CCNB1,SON,codep
CCNH,CDK4,codep
CCNH,CHD4,codep
CCNH,DHX33,codep
CCNH,EP400,codep
CCNH,EXOSC8,codep
CCNH,GTF2F2,codep
CCNH,HIRA,codep
CCNH,LSG1,codep
CCNH,MIS12,codep
CCNH,NCAPG,codep
CCNH,NKAP,codep
CCNH,RIOK1,codep
CCNH,RPTOR,codep
CCNH,SRFBP1,codep
CCNH,TAF8,codep
CDC42,CENPA,codep
CDC42,MED1,codep
CDC42,NKAP,codep
CDC42,PAICS,codep
CDC42,TUBB,codep
CDC42,XRCC5,codep
CDK2,CUL1,codep
CDK2,NMD3,codep
CDK2,PLK4,codep
CDK2,PPP1R10,codep
CDK2,PRMT5,codep
CDK2,RTF1,codep
CDK2,SKP2,codep
CDK2,TFDP1,codep
CDK2,WDR77,codep
CDK4,GTF2E1,codep
CDK4,MIS12,codep
CDK4,MRPL49,codep
CDK4,NIPBL,codep
CDK4,POLR3F,codep
CDK4,RFC4,codep
CDK4,SETD1A,codep
CDK4,SKP1,codep
CDK4,USP7,codep
CDK4,ZNF217,codep
CDK6,EBF1,codep
CDK6,HMGA1,codep
CDK6,IRF4,codep
CDK6,MAF,codep
CDK6,MAX,codep
CDK6,MEF2C,codep
CDK6,MEN1,codep
CDK6,MIS12,codep
CDK6,MLST8,codep
CDK6,POU2AF1,codep
CDK6,PSMD13,codep
CDK6,SMARCB1,codep
CDK6,SMARCE1,codep
CENPA,CTR9,codep
CENPA,DHX33,codep
CENPA,EXOSC8,codep
CENPA,GTF2E2,codep
CENPA,MAX,codep
CENPA,MIS12,codep
CENPA,MRPL49,codep
CENPA,PAF1,codep
CENPA,PCBP1,codep
CENPA,PES1,codep
CENPA,POLR3F,codep
CENPA,PPP1R10,codep
CENPA,PRMT5,codep
CENPA,PSMD13,codep
CENPA,RAD51C,codep
CENPA,RAD51D,codep
CENPA,RBBP4,codep
CENPA,SKP1,codep
CENPA,SKP2,codep
CENPA,SNAPC5,codep
CENPA,SRFBP1,codep
CENPA,TOP1,codep
CENPA,VHL,codep
CENPA,WDR77,codep
CFLAR,DHX33,codep
CFLAR,HNRNPU,codep
CFLAR,PLK4,codep
CFLAR,PSMD13,codep
CFLAR,RAD51C,codep
CFLAR,SRFBP1,codep
CFLAR,SYVN1,codep
CFLAR,TOP1,codep
CFLAR,UBE2N,codep
CFLAR,USP37,codep
CFLAR,YBX1,codep
CHAF1A,DHX33,codep
CHAF1A,PPP1R10,codep
CHD4,DHX33,codep
CHD4,EIF4E,codep
CHD4,GTF2E2,codep
CHD4,RAD51D,codep
CREBBP,TCF3,codep
CREBBP,ZNF217,codep
CTBP1,TCF3,codep
CTBP1,ZNF217,codep
CTR9,DHX33,codep
CTR9,HMGA1,codep
CTR9,MIS12,codep
CTR9,MYC,codep
CTR9,PAF1,codep
CTR9,PSMD13,codep
CTR9,RTF1,codep
CTR9,SNAPC5,codep
CTR9,SUMO2,codep
CTR9,SYVN1,codep
CTR9,USP37,codep
CTR9,WDR77,codep
CUL1,EIF4E,codep
CUL1,EIF5A,codep
CUL1,EP400,codep
CUL1,ERCC3,codep
CUL1,GAPDH,codep
CUL1,GTF2E2,codep
CUL1,GTF2F2,codep
CUL1,GTF3C1,codep
CUL1,HNRNPR,codep
CUL1,NKAP,codep
CUL1,NMD3,codep
CUL1,PES1,codep
CUL1,POLR3F,codep
CUL1,PPP4R2,codep
CUL1,RPN2,codep
CUL1,RPTOR,codep
CUL1,SKP1,codep
CUL1,USP7,codep
CUL1,WDR77,codep
DDX20,DDX52,codep
DDX20,ERCC3,codep
DDX20,PES1,codep
DDX20,PSMD13,codep
DDX20,RPL36A,codep
DDX20,TBP,codep
DDX20,XRCC5,codep
DDX24,EIF3G,codep
DDX24,EP400,codep
DDX24,GAPDH,codep
DDX24,GTF2F2,codep
DDX24,GTF3A,codep
DDX24,MDM2,codep
DDX24,MIS12,codep
DDX24,NCAPG,codep
DDX24,NKAP,codep
DDX24,PSMD13,codep
DDX24,RFC4,codep
DDX24,SETD1A,codep
DDX24,SRFBP1,codep
DDX24,UBE2N,codep
DDX3X,DHX33,codep
DDX52,VHL,codep
DHX33,DHX9,codep
DHX33,EXOSC8,codep
DHX33,FBXW11,codep
DHX33,GTF2E2,codep
DHX33,HMGB1,codep
DHX33,HNRNPC,codep
DHX33,HNRNPH1,codep
DHX33,HYOU1,codep
DHX33,LSG1,codep
DHX33,MIS12,codep
DHX33,MYC,codep
DHX33,NCAPG,codep
DHX33,NFYC,codep
DHX33,NOP16,codep
DHX33,PCBP1,codep
DHX33,PLK4,codep
DHX33,POLR3E,codep
DHX33,POLR3F,codep
DHX33,PPP1R10,codep
DHX33,PRMT5,codep
DHX33,PSMD13,codep
DHX33,RBBP4,codep
DHX33,RIOK1,codep
DHX33,RPL36A,codep
DHX33,RTF1,codep
DHX33,SKP2,codep
DHX33,SMARCA5,codep
DHX33,SNAPC3,codep
DHX33,SNAPC5,codep
DHX33,SRFBP1,codep
DHX33,TAF8,codep
DHX33,TFDP1,codep
DHX33,TSPYL5,codep
DHX33,VHL,codep
DHX33,WDR77,codep
DHX9,MDM2,codep
DHX9,SETD1A,codep
DMAP1,POLR3C,codep
DMAP1,YEATS4,codep
DNM2,EP300,codep
DNM2,IRF4,codep
DNM2,MYC,codep
DNM2,PAICS,codep
DNM2,PPP2CA,codep
EBF1,EP300,codep
EBF1,HSPA8,codep
EBF1,IRF4,codep
EBF1,KIF18A,codep
EBF1,MEF2C,codep
EBF1,MEN1,codep
EBF1,MNAT1,codep
EBF1,PAICS,codep
EBF1,POU2AF1,codep
EBF1,PSMD13,codep
EEF1B2,ELL,codep
EEF1B2,EP400,codep
EEF1B2,ERCC3,codep
EEF1B2,GAPDH,codep
EEF1B2,GTF2F2,codep
EEF1B2,HMGA1,codep
EEF1B2,HNRNPR,codep
EEF1B2,MAX,codep
EEF1B2,MCM3,codep
EEF1B2,MDM2,codep
EEF1B2,NKAP,codep
EEF1B2,NMD3,codep
EEF1B2,PES1,codep
EEF1B2,PKM,codep
EEF1B2,RAD51C,codep
EEF1B2,RAD51D,codep
EEF1B2,RBX1,codep
EEF1B2,RFC4,codep
EEF1B2,RPL36A,codep
EEF1B2,SUMO2,codep
EEF1B2,TOP1,codep
EEF1B2,TSPYL5,codep
EEF1B2,USP7,codep
EEF1B2,WDR77,codep
EEF1B2,XRCC5,codep
EEF1B2,YBX1,codep
EEF1B2,YY1,codep
EIF3F,GAPDH,codep
EIF3F,HMGB1,codep
EIF3F,MIS12,codep
EIF3F,SRFBP1,codep
EIF3G,GAPDH,codep
EIF3G,MIS12,codep
EIF3G,NKAP,codep
EIF3G,SON,codep
EIF4A1,GAPDH,codep
EIF4A1,GTF2F2,codep
EIF4A1,RFC4,codep
EIF4A1,RPL36A,codep
EIF4E,PDS5A,codep
EIF4E,POLR3F,codep
EIF4E,RFC4,codep
EIF4E,RPTOR,codep
EIF4E,SKP1,codep
EIF4E,SRFBP1,codep
EIF4E,XRCC5,codep
EIF4E,YY1,codep
EIF4E,ZNF217,codep
EIF5A,ERCC3,codep
EIF5A,GAPDH,codep
EIF5A,GTF2F2,codep
EIF5A,GTF3A,codep
EIF5A,HMGA1,codep
EIF5A,HNRNPL,codep
EIF5A,HSPA8,codep
EIF5A,HUWE1,codep
EIF5A,NKAP,codep
EIF5A,NPAT,codep
EIF5A,PES1,codep
EIF5A,PLK4,codep
EIF5A,PTCD3,codep
EIF5A,RFC4,codep
EIF5A,RPTOR,codep
EIF5A,RTF1,codep
EIF5A,SKP1,codep
EIF5A,TAF10,codep
EIF5A,USP7,codep
EIF5A,WDR77,codep
ELL,HDAC3,codep
ELL,TAF5,codep
ENO1,GAPDH,codep
ENO1,PKM,codep
EP300,IRF4,codep
EP300,MED1,codep
EP300,MEN1,codep
EP300,MLST8,codep
EP300,PAICS,codep
EP300,POU2AF1,codep
EP300,PPP2CA,codep
EP300,PRDM1,codep
EP300,SMAD7,codep
EP300,SUZ12,codep
EP300,TCF3,codep
EP300,YY1,codep
EP300,ZNF217,codep
EP400,GAPDH,codep
EP400,GTF2A1,codep
EP400,GTF2E1,codep
EP400,GTF2F2,codep
EP400,GTF3A,codep
EP400,GTF3C1,codep
EP400,HAUS7,codep
EP400,HMGA1,codep
EP400,HNRNPR,codep
EP400,MAX,codep
EP400,MIS12,codep
EP400,NKAP,codep
EP400,PES1,codep
EP400,POLR3F,codep
EP400,RBBP4,codep
EP400,RFC4,codep
EP400,RPN2,codep
EP400,RTF1,codep
EP400,SETD1A,codep
EP400,SKP1,codep
EP400,SON,codep
EP400,YY1,codep
ERCC3,GAPDH,codep
ERCC3,GTF2E1,codep
ERCC3,GTF2E2,codep
ERCC3,GTF2F2,codep
ERCC3,GTF3A,codep
ERCC3,HAUS7,codep
ERCC3,HMGA1,codep
ERCC3,HNRNPL,codep
ERCC3,HNRNPR,codep
ERCC3,HSPA8,codep
ERCC3,MAX,codep
ERCC3,MIS12,codep
ERCC3,NKAP,codep
ERCC3,NMD3,codep
ERCC3,PES1,codep
ERCC3,POLR3C,codep
ERCC3,POLR3F,codep
ERCC3,PPP4R2,codep
ERCC3,PSMD13,codep
ERCC3,RAD51D,codep
ERCC3,RFC4,codep
ERCC3,RPN2,codep
ERCC3,RPTOR,codep
ERCC3,SKP1,codep
ERCC3,SMG7,codep
ERCC3,SRFBP1,codep
ERCC3,TOP1,codep
ERCC3,USP7,codep
ERCC3,XRCC5,codep
ERCC3,ZBTB17,codep
EXOSC8,GTF2E2,codep
EXOSC8,LSG1,codep
EXOSC8,NOP16,codep
EXOSC8,PLK4,codep
EXOSC8,POLR3F,codep
EXOSC8,PPP1R10,codep
EXOSC8,PRMT5,codep
EXOSC8,PSMD13,codep
EXOSC8,RIOK1,codep
EXOSC8,SNAPC3,codep
EXOSC8,SNAPC5,codep
EXOSC8,SRFBP1,codep
EXOSC8,TFDP1,codep
EXOSC8,USP7,codep
EXOSC8,WDR77,codep
EXOSC8,YWHAZ,codep
FBXO11,TCF3,codep
FBXW11,RPL36A,codep
GABPA,SYVN1,codep
GAPDH,GTF2A1,codep
GAPDH,GTF2E2,codep
GAPDH,GTF2F2,codep
GAPDH,GTF3A,codep
GAPDH,GTF3C1,codep
GAPDH,HAUS7,codep
GAPDH,HMGA1,codep
GAPDH,HNRNPL,codep
GAPDH,HNRNPR,codep
GAPDH,KANSL3,codep
GAPDH,MCM3,codep
GAPDH,MDM2,codep
GAPDH,MIS12,codep
GAPDH,NFYC,codep
GAPDH,NKAP,codep
GAPDH,NMD3,codep
GAPDH,NPAT,codep
GAPDH,PAF1,codep
GAPDH,PES1,codep
GAPDH,PKM,codep
GAPDH,POLR3F,codep
GAPDH,RFC4,codep
GAPDH,RPN2,codep
GAPDH,RPTOR,codep
GAPDH,RTF1,codep
GAPDH,SKP1,codep
GAPDH,SON,codep
GAPDH,TOP1,codep
GAPDH,USP7,codep
GAPDH,XRCC5,codep
GAPDH,YWHAZ,codep
GAPDH,YY1,codep
GRSF1,NDUFB4,codep
GTF2A1,GTF2F2,codep
GTF2A1,HYOU1,codep
GTF2A1,NFYB,codep
GTF2A1,NFYC,codep
GTF2A1,NKAP,codep
GTF2A1,NPAT,codep
GTF2A1,PAF1,codep
GTF2A1,POLR3E,codep
GTF2A1,PRMT5,codep
GTF2A1,RBBP4,codep
GTF2A1,RFC4,codep
GTF2A1,RTF1,codep
GTF2A1,SNAPC5,codep
GTF2A1,TAF10,codep
GTF2A1,TUBB,codep
GTF2A1,UBE2N,codep
GTF2A1,WDR77,codep
GTF2A1,YY1,codep
GTF2E1,GTF2E2,codep
GTF2E1,HNRNPL,codep
GTF2E1,MAX,codep
GTF2E1,PES1,codep
GTF2E1,POLR3C,codep
GTF2E1,POLR3F,codep
GTF2E1,PSMD13,codep
GTF2E1,SRFBP1,codep
GTF2E1,TOP1,codep
GTF2E1,XRCC5,codep
GTF2E2,HMGA1,codep
GTF2E2,HNRNPC,codep
GTF2E2,HNRNPL,codep
GTF2E2,HNRNPR,codep
GTF2E2,KAT5,codep
GTF2E2,MAX,codep
GTF2E2,MIS12,codep
GTF2E2,MLST8,codep
GTF2E2,MRPL49,codep
GTF2E2,PDS5A,codep
GTF2E2,PES1,codep
GTF2E2,POLR3C,codep
GTF2E2,POLR3F,codep
GTF2E2,PPP1R10,codep
GTF2E2,PSMD13,codep
GTF2E2,RAD51C,codep
GTF2E2,RAD51D,codep
GTF2E2,RFC4,codep
GTF2E2,RPN2,codep
GTF2E2,RPTOR,codep
GTF2E2,SKP1,codep
GTF2E2,SRFBP1,codep
GTF2E2,TAF8,codep
GTF2E2,TINF2,codep
GTF2E2,TOP1,codep
GTF2E2,UPF1,codep
GTF2E2,USP37,codep
GTF2E2,USP7,codep
GTF2E2,XRCC5,codep
GTF2E2,ZNF217,codep
GTF2F2,GTF3A,codep
GTF2F2,GTF3C1,codep
GTF2F2,HAUS7,codep
GTF2F2,HMGA1,codep
GTF2F2,HNRNPL,codep
GTF2F2,HNRNPR,codep
GTF2F2,MED1,codep
GTF2F2,NFYC,codep
GTF2F2,NKAP,codep
GTF2F2,NPAT,codep
GTF2F2,ORC1,codep
GTF2F2,PAF1,codep
GTF2F2,PES1,codep
GTF2F2,PKM,codep
GTF2F2,PLK4,codep
GTF2F2,POLR3F,codep
GTF2F2,RBBP4,codep
GTF2F2,RFC4,codep
GTF2F2,RPN2,codep
GTF2F2,RPTOR,codep
GTF2F2,RTF1,codep
GTF2F2,SKP1,codep
GTF2F2,WDR77,codep
GTF2F2,YY1,codep
GTF3A,GTF3C1,codep
GTF3A,MIS12,codep
GTF3A,NCAPG,codep
GTF3A,NKAP,codep
GTF3A,NPAT,codep
GTF3A,POLR3F,codep
GTF3A,PSMD13,codep
GTF3A,RFC4,codep
GTF3A,RPN2,codep
GTF3A,RPTOR,codep
GTF3A,SKP1,codep
GTF3A,SRFBP1,codep
GTF3A,TBP,codep
GTF3C1,NPAT,codep
GTF3C1,PFDN5,codep
GTF3C1,POLR3E,codep
GTF3C1,POLR3F,codep
GTF3C1,SKP1,codep
GTF3C1,SRFBP1,codep
GTF3C1,TAF12,codep
HAUS7,HNRNPL,codep
HAUS7,HSPA8,codep
HAUS7,KANSL3,codep
HAUS7,NCAPG,codep
HAUS7,NKAP,codep
HAUS7,PCBP1,codep
HAUS7,PES1,codep
HAUS7,PKM,codep
HAUS7,POLR3F,codep
HAUS7,RPTOR,codep
HAUS7,SETD1A,codep
HAUS7,SKP1,codep
HAUS7,TOP1,codep
HAUS7,YY1,codep
HDAC3,TSEN54,codep
HIRA,HMGA1,codep
HIRA,HNRNPL,codep
HIRA,HUWE1,codep
HIRA,MIS12,codep
HIRA,PPP4R2,codep
HIRA,PSMD13,codep
HIRA,RPTOR,codep
HIRA,SKP1,codep
HIRA,TAF8,codep
HIRA,USP7,codep
HMGA1,HNRNPL,codep
HMGA1,HNRNPR,codep
HMGA1,MAX,codep
HMGA1,MIS12,codep
HMGA1,NKAP,codep
HMGA1,NMD3,codep
HMGA1,PES1,codep
HMGA1,POLR3F,codep
HMGA1,PSMD13,codep
HMGA1,PTCD3,codep
HMGA1,RAD51C,codep
HMGA1,RFC4,codep
HMGA1,RIOK1,codep
HMGA1,RPL36A,codep
HMGA1,RPTOR,codep
HMGA1,SETD1A,codep
HMGA1,SKP1,codep
HMGA1,SUMO2,codep
HMGA1,TOP1,codep
HMGA1,TSPYL5,codep
HMGA1,XRCC5,codep
HMGA1,YBX1,codep
HMGA1,YWHAZ,codep
HMGA1,YY1,codep
HMGB1,NCAPG,codep
HMGB1,TFDP1,codep
HNRNPC,HNRNPR,codep
HNRNPC,MAX,codep
HNRNPC,PAF1,codep
HNRNPC,PAICS,codep
HNRNPC,POLR3F,codep
HNRNPC,PPP1R10,codep
HNRNPC,PRMT5,codep
HNRNPC,PSMD13,codep
HNRNPC,RAD51D,codep
HNRNPC,RTF1,codep
HNRNPC,SKP1,codep
HNRNPC,SNAPC5,codep
HNRNPC,SRFBP1,codep
HNRNPC,USP37,codep
HNRNPC,WDR77,codep
HNRNPH1,POLR3F,codep
HNRNPH1,PSMD4,codep
HNRNPH1,RAD51D,codep
HNRNPH1,SNAPC5,codep
HNRNPH1,TUBB,codep
HNRNPH1,VPS35,codep
HNRNPH1,WDR77,codep
HNRNPH1,YBX1,codep
HNRNPL,HNRNPR,codep
HNRNPL,MAX,codep
HNRNPL,MIS12,codep
HNRNPL,NKAP,codep
HNRNPL,PES1,codep
HNRNPL,POLR3F,codep
HNRNPL,PPP4R2,codep
HNRNPL,PSMD13,codep
HNRNPL,RFC4,codep
HNRNPL,RNF4,codep
HNRNPL,RPL36A,codep
HNRNPL,RPTOR,codep
HNRNPL,SKP1,codep
HNRNPL,SRFBP1,codep
HNRNPL,TAF8,codep
HNRNPL,TOP1,codep
HNRNPR,HYOU1,codep
HNRNPR,MAX,codep
HNRNPR,MIS12,codep
HNRNPR,NMD3,codep
HNRNPR,PDS5A,codep
HNRNPR,PES1,codep
HNRNPR,POLR3F,codep
HNRNPR,PPP4R2,codep
HNRNPR,RAD51D,codep
HNRNPR,RFC4,codep
HNRNPR,RPTOR,codep
HNRNPR,SKP1,codep
HNRNPR,TOP1,codep
HNRNPR,XRCC5,codep
HNRNPR,YY1,codep
HNRNPU,KAT5,codep
HNRNPU,MDM2,codep
HSPA8,KIF18A,codep
HSPA8,MIS12,codep
HSPA8,MYC,codep
HSPA8,SNAPC5,codep
HUWE1,MDM2,codep
HUWE1,PKM,codep
HUWE1,POLR3F,codep
HUWE1,RPN2,codep
HUWE1,USP7,codep
HYOU1,NFYB,codep
HYOU1,NMD3,codep
HYOU1,PAF1,codep
HYOU1,POGZ,codep
HYOU1,RTF1,codep
HYOU1,SNAPC3,codep
HYOU1,SNAPC5,codep
HYOU1,WDR77,codep
IRF4,KPNA2,codep
IRF4,MAF,codep
IRF4,MED1,codep
IRF4,MEF2C,codep
IRF4,MNAT1,codep
IRF4,PAICS,codep
IRF4,POLR3F,codep
IRF4,POU2AF1,codep
IRF4,PPP2CA,codep
IRF4,PRDM1,codep
IRF4,RFC4,codep
IRF4,SMAD7,codep
IRF4,SYVN1,codep
IRF4,TAF10,codep
IRF4,TAF12,codep
IRF4,TAF13,codep
IRF4,TCF3,codep
IRF4,USP36,codep
IRF4,ZNF217,codep
KANSL3,NCAPD2,codep
KANSL3,NKAP,codep
KANSL3,PCBP1,codep
KANSL3,SETD1A,codep
KAT5,POLR3F,codep
KAT5,SKP1,codep
KAT5,SMARCB1,codep
KIF18A,MCM3,codep
KIF18A,MEF2C,codep
KIF18A,PSMD13,codep
KIF18A,ZNF217,codep
KPNA2,TLE3,codep
LSG1,NMD3,codep
LSG1,NOP16,codep
LSG1,PRMT5,codep
LSG1,PSMD13,codep
LSG1,SNAPC5,codep
LSG1,USP36,codep
MAF,MEF2C,codep
MAX,MIS12,codep
MAX,PES1,codep
MAX,POLR3C,codep
MAX,POLR3F,codep
MAX,PSMD13,codep
MAX,RAD51C,codep
MAX,RAD51D,codep
MAX,SKP1,codep
MAX,SUMO2,codep
MAX,TINF2,codep
MAX,TOP1,codep
MAX,UPF1,codep
MAX,USP7,codep
MAX,XRCC5,codep
MCM3,NFYB,codep
MCM3,NFYC,codep
MCM3,NOP16,codep
MCM3,RBBP4,codep
MCM3,RBX1,codep
MCM3,SUMO2,codep
MCM3,UBE2N,codep
MDM2,PPP4R2,codep
MDM2,RAD51C,codep
MDM2,RPL36A,codep
MDM2,SETD1A,codep
MDM2,SRFBP1,codep
MDM2,SUMO2,codep
MDM2,TAF8,codep
MDM2,UBE2N,codep
MDM2,UPF1,codep
MDM2,USP7,codep
MED1,MEF2C,codep
MED1,NIPBL,codep
MED1,NKAP,codep
MED1,SMAD7,codep
MED1,SMARCB1,codep
MED1,SMARCE1,codep
MED1,ZNF217,codep
MED23,SMAD7,codep
MED26,PLK4,codep
MED26,POLR3E,codep
MED26,PPP1R10,codep
MED26,PRMT5,codep
MED26,RNF4,codep
MED26,SNAPC5,codep
MED26,TAF12,codep
MED26,TAF5,codep
MED26,WDR77,codep
MEF2C,MEN1,codep
MEF2C,MLST8,codep
MEF2C,PAICS,codep
MEF2C,POU2AF1,codep
MEF2C,SYVN1,codep
MEF2C,ZNF217,codep
MEN1,POU2AF1,codep
MEN1,SUZ12,codep
MIS12,MLST8,codep
MIS12,MRPL49,codep
MIS12,NDUFB4,codep
MIS12,NKAP,codep
MIS12,NMD3,codep
MIS12,PCBP1,codep
MIS12,PES1,codep
MIS12,POLR3F,codep
MIS12,PPP4R2,codep
MIS12,PSMD13,codep
MIS12,RAD51D,codep
MIS12,RFC4,codep
MIS12,RPL36A,codep
MIS12,RPN2,codep
MIS12,RPTOR,codep
MIS12,SKP1,codep
MIS12,SKP2,codep
MIS12,SRFBP1,codep
MIS12,SUMO2,codep
MIS12,TAF13,codep
MIS12,TAF8,codep
MIS12,TINF2,codep
MIS12,TOP1,codep
MIS12,UPF1,codep
MIS12,USP7,codep
MIS12,XRCC5,codep
MIS12,ZNF217,codep
MLST8,POU2AF1,codep
MLST8,RICTOR,codep
MLST8,YBX1,codep
MNAT1,PAICS,codep
MRPL49,NDUFB4,codep
MRPL49,POLR3F,codep
MRPL49,RAD51D,codep
MRPL49,RPTOR,codep
MRPL49,SKP1,codep
MRPL49,SLC25A3,codep
MRPL49,SRFBP1,codep
MRPL49,TFAM,codep
MRPL49,TOP1,codep
MYC,PAF1,codep
MYC,PAICS,codep
MYC,PRMT5,codep
MYC,PSMD13,codep
MYC,SIN3A,codep
MYC,SNAPC3,codep
MYC,SNAPC5,codep
MYC,TBP,codep
MYC,WDR77,codep
NCAPD2,NCAPG,codep
NCAPG,SNAPC3,codep
NDUFB4,PTCD3,codep
NDUFB4,TFAM,codep
NFYB,NFYC,codep
NFYB,NPAT,codep
NFYB,PAF1,codep
NFYB,PLK4,codep
NFYB,PRMT5,codep
NFYB,RBBP4,codep
NFYB,RTF1,codep
NFYB,SNAPC5,codep
NFYB,WDR77,codep
NFYB,YY1,codep
NFYC,NKAP,codep
NFYC,NPAT,codep
NFYC,ORC1,codep
NFYC,PAF1,codep
NFYC,PES1,codep
NFYC,PPP1R10,codep
NFYC,RBBP4,codep
NFYC,SNAPC5,codep
NFYC,UBE2N,codep
NFYC,WDR77,codep
NKAP,NMD3,codep
NKAP,NPAT,codep
NKAP,PAF1,codep
NKAP,PES1,codep
NKAP,PKM,codep
NKAP,POLR3E,codep
NKAP,POLR3F,codep
NKAP,PPP1R10,codep
NKAP,PSMD13,codep
NKAP,RBBP4,codep
NKAP,RFC4,codep
NKAP,RNF4,codep
NKAP,RPN2,codep
NKAP,RPTOR,codep
NKAP,RTF1,codep
NKAP,SETD1A,codep
NKAP,SKP1,codep
NKAP,SNAPC5,codep
NKAP,SRFBP1,codep
NKAP,TAF12,codep
NKAP,TOP1,codep
NKAP,TUBB,codep
NKAP,UBE2N,codep
NKAP,YY1,codep
NKAP,ZBTB17,codep
NMD3,PES1,codep
NMD3,PKM,codep
NMD3,PLK4,codep
NMD3,POGZ,codep
NMD3,POLR3C,codep
NMD3,POLR3F,codep
NMD3,RFC4,codep
NMD3,RTF1,codep
NMD3,SKP1,codep
NMD3,TOP1,codep
NMD3,USP36,codep
NMD3,XRCC5,codep
NMD3,YY1,codep
NME2,POLR3F,codep
NOP16,NPAT,codep
NOP16,PRMT5,codep
NOP16,RBBP4,codep
NOP16,RIOK1,codep
NOP16,RNF4,codep
NOP16,SNAPC5,codep
NOP16,VPS35,codep
NOP16,WDR77,codep
NPAT,PAF1,codep
NPAT,PES1,codep
NPAT,PKM,codep
NPAT,POLR3E,codep
NPAT,PPP1R10,codep
NPAT,PRMT5,codep
NPAT,PTCD3,codep
NPAT,RAD51C,codep
NPAT,RAD51D,codep
NPAT,RBBP4,codep
NPAT,RPTOR,codep
NPAT,RTF1,codep
NPAT,SNAPC5,codep
NPAT,TAF5,codep
NPAT,TEN1,codep
NPAT,TUBB,codep
NPAT,WDR77,codep
NPAT,YY1,codep
ORC1,SETD1A,codep
ORC1,TSEN54,codep
PAF1,POGZ,codep
PAF1,POLR3E,codep
PAF1,PPP1R10,codep
PAF1,PRMT5,codep
PAF1,RBBP4,codep
PAF1,RTF1,codep
PAF1,SETD1A,codep
PAF1,SNAPC5,codep
PAF1,TAF5,codep
PAF1,UBE2N,codep
PAF1,WDR77,codep
PAICS,PLK4,codep
PAICS,POU2AF1,codep
PAICS,SDHA,codep
PAICS,SON,codep
PAICS,XRN1,codep
PCBP1,PLK4,codep
PCBP1,PRMT5,codep
PCBP1,SNAPC5,codep
PCBP1,SON,codep
PCBP1,SYVN1,codep
PCBP1,WDR77,codep
PDS5A,PES1,codep
PDS5A,POLR3F,codep
PDS5A,PPP4R2,codep
PDS5A,RAD51D,codep
PDS5A,SRFBP1,codep
PDS5A,USP7,codep
PES1,PKM,codep
PES1,POLR3F,codep
PES1,POU2AF1,codep
PES1,PPP4R2,codep
PES1,PSMD13,codep
PES1,RAD51D,codep
PES1,RFC4,codep
PES1,RPN2,codep
PES1,RPTOR,codep
PES1,SETD1A,codep
PES1,SKP1,codep
PES1,SMG7,codep
PES1,SRFBP1,codep
PES1,SUZ12,codep
PES1,TOP1,codep
PES1,USP7,codep
PES1,XRCC5,codep
PES1,YY1,codep
PES1,ZBTB17,codep
PFDN5,SEC63,codep
PKM,PPP1R10,codep
PKM,RPTOR,codep
PKM,TSEN54,codep
PKM,UBE2N,codep
PLK4,POLR3E,codep
PLK4,RBBP4,codep
PLK4,RTF1,codep
PLK4,SNAPC3,codep
PLK4,SNAPC5,codep
PLK4,SON,codep
PLK4,USP37,codep
PLK4,WDR77,codep
POLR3C,POLR3F,codep
POLR3C,SKP1,codep
POLR3C,XRCC5,codep
POLR3E,PPP1R10,codep
POLR3E,PSMD13,codep
POLR3E,RAD51C,codep
POLR3E,SNAPC5,codep
POLR3E,TINF2,codep
POLR3E,TUBB,codep
POLR3E,WDR77,codep
POLR3F,PPP4R2,codep
POLR3F,PSMD13,codep
POLR3F,PSMD4,codep
POLR3F,RAD51C,codep
POLR3F,RAD51D,codep
POLR3F,RFC4,codep
POLR3F,RPN2,codep
POLR3F,RPTOR,codep
POLR3F,SKP1,codep
POLR3F,SMG7,codep
POLR3F,SRFBP1,codep
POLR3F,TAF8,codep
POLR3F,TINF2,codep
POLR3F,TOP1,codep
POLR3F,UBE2L3,codep
POLR3F,UPF1,codep
POLR3F,USP37,codep
POLR3F,USP7,codep
POLR3F,YY1,codep
POU2AF1,POU5F1B,codep
POU2AF1,PRDM1,codep
POU2AF1,SUZ12,codep
POU2AF1,SYVN1,codep
POU2AF1,TADA2B,codep
POU2AF1,TAF12,codep
POU5F1B,PRDM1,codep
PPP1R10,PRMT5,codep
PPP1R10,RAD51D,codep
PPP1R10,RBBP4,codep
PPP1R10,RTF1,codep
PPP1R10,SLC25A3,codep
PPP1R10,SMARCE1,codep
PPP1R10,SNAPC5,codep
PPP1R10,TAF5,codep
PPP1R10,TSEN54,codep
PPP1R10,USP37,codep
PPP1R10,WDR77,codep
PPP2CA,RPTOR,codep
PPP4R2,SKP1,codep
PPP4R2,SRFBP1,codep
PPP4R2,TAF8,codep
PPP4R2,USP7,codep
PRDM1,TCF3,codep
PRDM1,ZNF217,codep
PRMT5,PSMD13,codep
PRMT5,RBBP4,codep
PRMT5,RTF1,codep
PRMT5,SKP2,codep
PRMT5,SNAPC3,codep
PRMT5,SNAPC5,codep
PRMT5,TAF12,codep
PRMT5,TAF5,codep
PRMT5,TFDP1,codep
PRMT5,TINF2,codep
PRMT5,TSPYL5,codep
PRMT5,WDR77,codep
PRMT5,YBX1,codep
PSMD13,PSMD4,codep
PSMD13,RAD51C,codep
PSMD13,RAD51D,codep
PSMD13,RFC4,codep
PSMD13,RPN2,codep
PSMD13,RPTOR,codep
PSMD13,RTF1,codep
PSMD13,SKP1,codep
PSMD13,SNAPC5,codep
PSMD13,SRFBP1,codep
PSMD13,TAF8,codep
PSMD13,TOP1,codep
PSMD13,UPF1,codep
PSMD13,USP37,codep
PSMD13,VHL,codep
PSMD13,WDR77,codep
PSMD4,TEN1,codep
PTCD3,RTF1,codep
PTCD3,TFAM,codep
RAD51C,RAD51D,codep
RAD51C,SKP1,codep
RAD51C,TINF2,codep
RAD51D,RBX1,codep
RAD51D,SKP1,codep
RAD51D,SRFBP1,codep
RAD51D,SUMO2,codep
RAD51D,TAF13,codep
RAD51D,TAF8,codep
RAD51D,TFAM,codep
RAD51D,TOP1,codep
RAD51D,WDR77,codep
RBBP4,RTF1,codep
RBBP4,TAF5,codep
RBBP4,UBE2N,codep
RBBP4,WDR77,codep
RBBP5,SON,codep
RBX1,RPL36A,codep
RBX1,TINF2,codep
RBX1,TSEN54,codep
RFC4,RPN2,codep
RFC4,RPTOR,codep
RFC4,SKP1,codep
RFC4,SON,codep
RFC4,SRFBP1,codep
RFC4,TAF8,codep
RFC4,TOP1,codep
RFC4,USP37,codep
RFC4,USP7,codep
RFC4,YY1,codep
RPL36A,SRFBP1,codep
RPL36A,SUMO2,codep
RPL36A,TBP,codep
RPN2,SETD1A,codep
RPN2,SKP1,codep
RPN2,TAF8,codep
RPN2,TOP1,codep
RPN2,USP7,codep
RPTOR,SETD1A,codep
RPTOR,SKP1,codep
RPTOR,SRFBP1,codep
RPTOR,TOP1,codep
RPTOR,ZBTB17,codep
RTF1,SNAPC5,codep
RTF1,SON,codep
RTF1,TFDP1,codep
RTF1,UBE2N,codep
RTF1,USP37,codep
RTF1,WDR77,codep
RTF1,YY1,codep
SETD1A,TOP1,codep
SETD1A,USP7,codep
SETD1A,YBX1,codep
SETD1A,YY1,codep
SIN3A,WDR77,codep
SKP1,SRFBP1,codep
SKP1,TAF8,codep
SKP1,TOP1,codep
SKP1,USP7,codep
SKP1,YY1,codep
SKP1,ZBTB17,codep
SKP2,SLC2A1,codep
SKP2,SNAPC5,codep
SKP2,TFDP1,codep
SKP2,WDR77,codep
SLC25A3,SRFBP1,codep
SLC2A1,SMARCB1,codep
SMAD7,SYVN1,codep
SMAD7,ZNF217,codep
SMARCB1,SMARCE1,codep
SMARCD1,SMG7,codep
SMARCE1,YY1,codep
SNAPC3,SNAPC5,codep
SNAPC3,TSEN54,codep
SNAPC3,WDR77,codep
SNAPC5,TFDP1,codep
SNAPC5,TUBB,codep
SNAPC5,UBE2N,codep
SNAPC5,WDR77,codep
SON,YY1,codep
SRFBP1,TAF10,codep
SRFBP1,TAF8,codep
SRFBP1,TOP1,codep
SRFBP1,UBE2L3,codep
SRFBP1,UPF1,codep
SRFBP1,USP7,codep
SRFBP1,VHL,codep
SUMO2,TBP,codep
SUMO2,TSPYL5,codep
SUMO2,USP7,codep
SUMO2,YBX1,codep
SUZ12,TADA2B,codep
SUZ12,TLE3,codep
SUZ12,XRCC5,codep
SUZ12,ZNF217,codep
SYVN1,TAF12,codep
SYVN1,ZNF217,codep
TAF10,TAF12,codep
TAF10,TAF5,codep
TAF10,TAF8,codep
TAF10,YY1,codep
TAF12,TAF5,codep
TAF12,WDR77,codep
TAF5,UBE2N,codep
TAF5,WDR77,codep
TAF5,YY1,codep
TAF6L,ZNF217,codep
TAF8,USP7,codep
TEN1,TINF2,codep
TINF2,WDR77,codep
TLE3,ZNF217,codep
TOP1,XRCC5,codep
TOP1,YY1,codep
TSPYL5,WDR77,codep
TUBB,UBE2N,codep
UBE2L3,UBE2N,codep
UBE2L3,YY1,codep
UBE2N,WDR77,codep
UPF1,YBX1,codep
UPF1,YEATS4,codep
USP36,XRN1,codep
USP7,YY1,codep
XRCC5,YY1,codep
